source_id,scene_group,split,source_image,source_label,image_filename,label_filename,image_sha256,label_sha256,dhash,repair_count
1a,situation-01,geometry_eval,D:\billiards project\8-Ball Pool.v3i.yolov11\train\images\1a_png.rf.17bf9820312efff2213b1d1b08ffad66.jpg,D:\billiards project\8-Ball Pool.v3i.yolov11\train\labels\1a_png.rf.17bf9820312efff2213b1d1b08ffad66.txt,1a_png.rf.17bf9820312efff2213b1d1b08ffad66.jpg,1a_png.rf.17bf9820312efff2213b1d1b08ffad66.txt,d2d8e9ba5dee201cf6b7d426ebf3fe9c9ae26d0f48dd97943f7ade592684bd54,8dcc4410ef3a6487990a560c328361d903c54784dce0fb8b61d66dcd53bd9391,f4f3f81f1f87cee8,0
1t,situation-01,geometry_eval,D:\billiards project\8-Ball Pool.v3i.yolov11\train\images\1t_png.rf.4e6421a849d36687701eb5b4187ff417.jpg,D:\billiards project\8-Ball Pool.v3i.yolov11\train\labels\1t_png.rf.4e6421a849d36687701eb5b4187ff417.txt,1t_png.rf.4e6421a849d36687701eb5b4187ff417.jpg,1t_png.rf.4e6421a849d36687701eb5b4187ff417.txt,a71e82f78912e658571946b6fc6c9fbc041f0774fd5a15e04e84d99350b03e4e,cbe54e1573bb33d557fe410b85a169e99fe8245d267d174a4d2578ca302de540,8017272f27331720,0
2a,situation-02,geometry_eval,D:\billiards project\8-Ball Pool.v3i.yolov11\train\images\2a_png.rf.d8a574394a3499846384d0e2f5162459.jpg,D:\billiards project\8-Ball Pool.v3i.yolov11\train\labels\2a_png.rf.d8a574394a3499846384d0e2f5162459.txt,2a_png.rf.d8a574394a3499846384d0e2f5162459.jpg,2a_png.rf.d8a574394a3499846384d0e2f5162459.txt,5fa34f882343dbf37d9e99881f18d19c7504be132c68d41db9170492ebd0c2d2,bc788b60ddd2254695820af2d185cbda1f4f4556e68100a8100274e15ec2e0a8,32335cdc1f4f4f6e,0
2t,situation-02,geometry_eval,D:\billiards project\8-Ball Pool.v3i.yolov11\train\images\2t_png.rf.cc82f8a1e04420002737935546caff16.jpg,D:\billiards project\8-Ball Pool.v3i.yolov11\train\labels\2t_png.rf.cc82f8a1e04420002737935546caff16.txt,2t_png.rf.cc82f8a1e04420002737935546caff16.jpg,2t_png.rf.cc82f8a1e04420002737935546caff16.txt,43c1fd8af60c9cb2016b47da16ad6a1577da3edba10d009183426570b8abbad4,d378edb72167144dbe0ba97b6f086280985631230fae0837b33c1b0f0eb9b2f1,8317372f23231760,0
3f,situation-03,geometry_eval,D:\billiards project\8-Ball Pool.v3i.yolov11\train\images\3f_png.rf.81c7e132365ef95bb19380ca389025f6.jpg,D:\billiards project\8-Ball Pool.v3i.yolov11\train\labels\3f_png.rf.81c7e132365ef95bb19380ca389025f6.txt,3f_png.rf.81c7e132365ef95bb19380ca389025f6.jpg,3f_png.rf.81c7e132365ef95bb19380ca389025f6.txt,908b9521dd88da4acab0af10aa14c470a1c296bbe6153d836df381675a18f155,88791e07177887fa122ba3a34b8126f9936efdb8a70e937fd30e6ab9cac22e2d,2c8f07971613cccc,0
3t,situation-03,geometry_eval,D:\billiards project\8-Ball Pool.v3i.yolov11\train\images\3t_png.rf.24d7be26d05ffb22bd6af95f0e28b99c.jpg,D:\billiards project\8-Ball Pool.v3i.yolov11\train\labels\3t_png.rf.24d7be26d05ffb22bd6af95f0e28b99c.txt,3t_png.rf.24d7be26d05ffb22bd6af95f0e28b99c.jpg,3t_png.rf.24d7be26d05ffb22bd6af95f0e28b99c.txt,36ea575ea982355686b4d3a7d25209099460b1f14414b0ea19997f580560431c,c07d16090f999dc4bde3284fd5bc2644545ab38263cd49ea4b085b8320308fa5,8013372f23230f60,0
4a,situation-04,geometry_eval,D:\billiards project\8-Ball Pool.v3i.yolov11\train\images\4a_png.rf.a6bb5c5706fd8628eb53d34a122cf441.jpg,D:\billiards project\8-Ball Pool.v3i.yolov11\train\labels\4a_png.rf.a6bb5c5706fd8628eb53d34a122cf441.txt,4a_png.rf.a6bb5c5706fd8628eb53d34a122cf441.jpg,4a_png.rf.a6bb5c5706fd8628eb53d34a122cf441.txt,52494d9b94370ec888816074efc60aca8572f31b2d4d9465a3dc314ada12334c,01b189060d17d39a6c8a43c84b6ececce4274f778fc777c23bb212cce8d471d1,ed77e8381f86cec8,0
4t,situation-04,geometry_eval,D:\billiards project\8-Ball Pool.v3i.yolov11\train\images\4t_png.rf.de24767c63cfdd43e998b62fa3c37be8.jpg,D:\billiards project\8-Ball Pool.v3i.yolov11\train\labels\4t_png.rf.de24767c63cfdd43e998b62fa3c37be8.txt,4t_png.rf.de24767c63cfdd43e998b62fa3c37be8.jpg,4t_png.rf.de24767c63cfdd43e998b62fa3c37be8.txt,d7047a44bad9cd782e475cc2fc86748cbc142b42e8ae7e85d9437987df39a7a5,45333440046f87e22915f0be4f6467a2d5f96689ff0b108752cacaf4210ea9c7,80132f2f23231720,0
5a,situation-05,geometry_eval,D:\billiards project\8-Ball Pool.v3i.yolov11\train\images\5a_png.rf.bae1d48b3d2d96a990799b836ecebcbb.jpg,D:\billiards project\8-Ball Pool.v3i.yolov11\train\labels\5a_png.rf.bae1d48b3d2d96a990799b836ecebcbb.txt,5a_png.rf.bae1d48b3d2d96a990799b836ecebcbb.jpg,5a_png.rf.bae1d48b3d2d96a990799b836ecebcbb.txt,9d18c8b837cc59aaf165f91b79ba7b3a455fb5d397b86eb73597283f709b47ad,79cc50533a5d9c34eec977e389ce2e5badeb9c5fa9ee5a1c6715c60d5d3b33ba,6d66791e1fcfc664,0
5t,situation-05,geometry_eval,D:\billiards project\8-Ball Pool.v3i.yolov11\train\images\5t_png.rf.8e895b792f2cfabbbbaf6eb62c6e2622.jpg,D:\billiards project\8-Ball Pool.v3i.yolov11\train\labels\5t_png.rf.8e895b792f2cfabbbbaf6eb62c6e2622.txt,5t_png.rf.8e895b792f2cfabbbbaf6eb62c6e2622.jpg,5t_png.rf.8e895b792f2cfabbbbaf6eb62c6e2622.txt,b7cba75745b462ce610fb48398c3d354269e80a0a35b093cafab575b8cbce913,4d370d553b4ba12329034afead9fcf837575d2f3b9579744d1f41f07d9e5e684,8013332f27234740,0
6f,situation-06,geometry_eval,D:\billiards project\8-Ball Pool.v3i.yolov11\train\images\6f_png.rf.4dcfc0c556af56e418f2226f40765059.jpg,D:\billiards project\8-Ball Pool.v3i.yolov11\train\labels\6f_png.rf.4dcfc0c556af56e418f2226f40765059.txt,6f_png.rf.4dcfc0c556af56e418f2226f40765059.jpg,6f_png.rf.4dcfc0c556af56e418f2226f40765059.txt,83723740914011bfe1f65040830ba4a233fffbe7be6e4469f0ef58d6498c45c8,f40d5617ce4a845a4e67394102bfd8041423dc98441c02110f80264e766e4b73,2c8f17971633cccc,0
6t,situation-06,geometry_eval,D:\billiards project\8-Ball Pool.v3i.yolov11\train\images\6t_png.rf.3bfa7c04f03519e61d659108c308de32.jpg,D:\billiards project\8-Ball Pool.v3i.yolov11\train\labels\6t_png.rf.3bfa7c04f03519e61d659108c308de32.txt,6t_png.rf.3bfa7c04f03519e61d659108c308de32.jpg,6t_png.rf.3bfa7c04f03519e61d659108c308de32.txt,5dee8403dce35f1cca0fac4a4d8118ceb8dd63dfb24c637f671d44e84191e53a,89d2838371c29a006b232c2ee4f07356327160e906797689b6b7ea571f95d20c,80132b2b27231f60,0
7a,situation-07,geometry_eval,D:\billiards project\8-Ball Pool.v3i.yolov11\train\images\7a_png.rf.7cf9f36a358969bd16be866d1570a303.jpg,D:\billiards project\8-Ball Pool.v3i.yolov11\train\labels\7a_png.rf.7cf9f36a358969bd16be866d1570a303.txt,7a_png.rf.7cf9f36a358969bd16be866d1570a303.jpg,7a_png.rf.7cf9f36a358969bd16be866d1570a303.txt,b2fe34a034f5dd818440e699e43d72758506fc6f98e432234faddc9db0f4ac3d,03d5727f847ce357e340a54c538e1e321b55998f0ddaa2849b2757e5b47a954c,b4bc1f2f97cfcaf2,0
7f,situation-07,geometry_eval,D:\billiards project\8-Ball Pool.v3i.yolov11\train\images\7f_png.rf.4c4c0c1f3dbe608fab29a732857d2927.jpg,D:\billiards project\8-Ball Pool.v3i.yolov11\train\labels\7f_png.rf.4c4c0c1f3dbe608fab29a732857d2927.txt,7f_png.rf.4c4c0c1f3dbe608fab29a732857d2927.jpg,7f_png.rf.4c4c0c1f3dbe608fab29a732857d2927.txt,3688f6e279fd58df75bd80df4a5f3c98c6c326f0f6df126bdf59546e8a07c8da,5f66cfcb1fa5fb284a352b308daa1a644f292fa7e36e1b071efa0e21f6c10d84,2c0f17170607cccc,0
7t,situation-07,geometry_eval,D:\billiards project\8-Ball Pool.v3i.yolov11\train\images\7t_png.rf.d593f52ab7cb17881fddcaf5de468819.jpg,D:\billiards project\8-Ball Pool.v3i.yolov11\train\labels\7t_png.rf.d593f52ab7cb17881fddcaf5de468819.txt,7t_png.rf.d593f52ab7cb17881fddcaf5de468819.jpg,7t_png.rf.d593f52ab7cb17881fddcaf5de468819.txt,480723173d306018bd5ba6999e91e6fd410d860c1e3e48d113b1b820cc7fbd0b,995694f5c41a9a8949ad9bf300878211a8ed398dafa3d8dfded09d65942d3201,8013332b032317e0,0
8a,situation-08,geometry_eval,D:\billiards project\8-Ball Pool.v3i.yolov11\train\images\8a_png.rf.d4bd36f20fb980c22c7f33948a375e2a.jpg,D:\billiards project\8-Ball Pool.v3i.yolov11\train\labels\8a_png.rf.d4bd36f20fb980c22c7f33948a375e2a.txt,8a_png.rf.d4bd36f20fb980c22c7f33948a375e2a.jpg,8a_png.rf.d4bd36f20fb980c22c7f33948a375e2a.txt,b02491aa1a27ccde457c192ce00b90298297d9792800b3bf82a3179584f0fc94,bd39fe3cc2f596e25156890a6f42fa9c177ae69730208796ff268f96a6ff2d41,6667f41c1f83cfcc,0
8t,situation-08,geometry_eval,D:\billiards project\8-Ball Pool.v3i.yolov11\train\images\8t_png.rf.a49c210a8d59660de79ffdb07d55a6f6.jpg,D:\billiards project\8-Ball Pool.v3i.yolov11\train\labels\8t_png.rf.a49c210a8d59660de79ffdb07d55a6f6.txt,8t_png.rf.a49c210a8d59660de79ffdb07d55a6f6.jpg,8t_png.rf.a49c210a8d59660de79ffdb07d55a6f6.txt,07c54f27689a78ed44d516d4a3f235926283f39425fb084a64eac0771e851ba3,0846f683abe7d9b788e0edd32a3702bf4b085ba978608c00eaed5a64deddc572,801337330b231760,0
9a,situation-09,geometry_eval,D:\billiards project\8-Ball Pool.v3i.yolov11\train\images\9a_png.rf.320750a7ef629a2e6980cea9f008f5c0.jpg,D:\billiards project\8-Ball Pool.v3i.yolov11\train\labels\9a_png.rf.320750a7ef629a2e6980cea9f008f5c0.txt,9a_png.rf.320750a7ef629a2e6980cea9f008f5c0.jpg,9a_png.rf.320750a7ef629a2e6980cea9f008f5c0.txt,6c5702b610a417b217c5b913b6d77ac4d5a8789668416728a8b08f1b994d6410,551de65e144cbecb815d3e4014f7b9e11707c5291061adba7d1af48ef7e7623e,63f2b21f2f87ced8,0
9t,situation-09,geometry_eval,D:\billiards project\8-Ball Pool.v3i.yolov11\train\images\9t_png.rf.9fed287c2c696d2899ea436ef7e3d20d.jpg,D:\billiards project\8-Ball Pool.v3i.yolov11\train\labels\9t_png.rf.9fed287c2c696d2899ea436ef7e3d20d.txt,9t_png.rf.9fed287c2c696d2899ea436ef7e3d20d.jpg,9t_png.rf.9fed287c2c696d2899ea436ef7e3d20d.txt,b1a231852ea11652a0b5de74f9a94d4a6b587af7941a7e5fc6554b3209707271,a07ab0da1746d69a51a99e3af139e1fc8fdfde1db42de688d4450279f3fdfd94,c023333303231760,0
10a,situation-10,geometry_eval,D:\billiards project\8-Ball Pool.v3i.yolov11\train\images\10a_png.rf.bdc9984ba169594ea32b012098ad10dd.jpg,D:\billiards project\8-Ball Pool.v3i.yolov11\train\labels\10a_png.rf.bdc9984ba169594ea32b012098ad10dd.txt,10a_png.rf.bdc9984ba169594ea32b012098ad10dd.jpg,10a_png.rf.bdc9984ba169594ea32b012098ad10dd.txt,60b6cd726a5deb8341cf8e66776cb9634de3c39652775bb3edbef46d2420202e,ad6542277e2080ee0fb18d16ffdf1b1024714f9bfce76afc11cde26f2992d22e,7666d91f9f87ceec,0
10t,situation-10,geometry_eval,D:\billiards project\8-Ball Pool.v3i.yolov11\train\images\10t_png.rf.97c979f963b5a914b50a065e59ef3873.jpg,D:\billiards project\8-Ball Pool.v3i.yolov11\train\labels\10t_png.rf.97c979f963b5a914b50a065e59ef3873.txt,10t_png.rf.97c979f963b5a914b50a065e59ef3873.jpg,10t_png.rf.97c979f963b5a914b50a065e59ef3873.txt,0e354c501c7a9e2db3c38d6fad09e6280b6fa9d8537f4ee7e232ef6a50be17b5,4875d5d46f167e86583c3eb55369bedc0ba2503e5773df9dba7ecf2492cea401,8013272f0b0307e0,0
11f,situation-11,geometry_eval,D:\billiards project\8-Ball Pool.v3i.yolov11\train\images\11f_png.rf.eb0169eccfb6b264a582491457ff37b6.jpg,D:\billiards project\8-Ball Pool.v3i.yolov11\train\labels\11f_png.rf.eb0169eccfb6b264a582491457ff37b6.txt,11f_png.rf.eb0169eccfb6b264a582491457ff37b6.jpg,11f_png.rf.eb0169eccfb6b264a582491457ff37b6.txt,8cea5ae934c78817b93d7ffab41cc4819c7cdd42265e0bd58643045155f43bee,8941772163eb2dfcff20f04fe068df62492512f8cde773fcd165dd99ffa10582,2d8f17971717cecc,0
11t,situation-11,geometry_eval,D:\billiards project\8-Ball Pool.v3i.yolov11\train\images\11t_png.rf.bfd0b31ac2643b2a5d526f315fbf1812.jpg,D:\billiards project\8-Ball Pool.v3i.yolov11\train\labels\11t_png.rf.bfd0b31ac2643b2a5d526f315fbf1812.txt,11t_png.rf.bfd0b31ac2643b2a5d526f315fbf1812.jpg,11t_png.rf.bfd0b31ac2643b2a5d526f315fbf1812.txt,54ee30b12e2ce8d6332a73177bd222fa17af3bd9c90d08ff6210a671fb40ae5b,7c8150fac9dc4b5c1a51a5fd13cb980faba619ba73f3ed9d0a86a6d323f562e7,8013332b23230f60,0
12f,situation-12,geometry_eval,D:\billiards project\8-Ball Pool.v3i.yolov11\train\images\12f_png.rf.5a7e571b0b0c0eef39ae35682db8394f.jpg,D:\billiards project\8-Ball Pool.v3i.yolov11\train\labels\12f_png.rf.5a7e571b0b0c0eef39ae35682db8394f.txt,12f_png.rf.5a7e571b0b0c0eef39ae35682db8394f.jpg,12f_png.rf.5a7e571b0b0c0eef39ae35682db8394f.txt,720614e2f7d8282e0e73131f56cce407f9e3e7e4f638dcb806e5fcd97ce81257,830871f1d6838cdf8360da9851d76e95cd9c36385969d0cad78b60b531b47acc,298b17871613cccc,0
12t,situation-12,geometry_eval,D:\billiards project\8-Ball Pool.v3i.yolov11\train\images\12t_png.rf.80855510c9a4d8a3a88e103ed8baeeb7.jpg,D:\billiards project\8-Ball Pool.v3i.yolov11\train\labels\12t_png.rf.80855510c9a4d8a3a88e103ed8baeeb7.txt,12t_png.rf.80855510c9a4d8a3a88e103ed8baeeb7.jpg,12t_png.rf.80855510c9a4d8a3a88e103ed8baeeb7.txt,620b62b8c146f25108446dcabe6f7d9db8673d179f489ba0cc1e23ee29e55d22,49219710f3594f6c786f3c9c9ee9816c178c5256b95f3198282bc30923fd69d2,86173f2f2f231760,0
13a,situation-13,geometry_eval,D:\billiards project\8-Ball Pool.v3i.yolov11\train\images\13a_png.rf.b63780972f2990e77bbc2889190bd191.jpg,D:\billiards project\8-Ball Pool.v3i.yolov11\train\labels\13a_png.rf.b63780972f2990e77bbc2889190bd191.txt,13a_png.rf.b63780972f2990e77bbc2889190bd191.jpg,13a_png.rf.b63780972f2990e77bbc2889190bd191.txt,05794be497a76c97344157ba67b0ee2d476fc73a458a2940a9cf9f0951acc7f7,b6cc26df580e63cdeb279c547e9cb1b58aee08791265c5d986e189dbf2e79a36,78fc9e1e97c7e4e8,0
13t,situation-13,geometry_eval,D:\billiards project\8-Ball Pool.v3i.yolov11\train\images\13t_png.rf.6106fd96f4902de298dac63ac73ac264.jpg,D:\billiards project\8-Ball Pool.v3i.yolov11\train\labels\13t_png.rf.6106fd96f4902de298dac63ac73ac264.txt,13t_png.rf.6106fd96f4902de298dac63ac73ac264.jpg,13t_png.rf.6106fd96f4902de298dac63ac73ac264.txt,8ddce1103ab065a811202d133c6425fbf694f0299ed375a83799376937b5be47,af49525fa8fed478a499c5eef586da4929307678a6e4d0611618cd7bb8ea6f16,60332b332313b9d0,0
14a,situation-14,geometry_eval,D:\billiards project\8-Ball Pool.v3i.yolov11\train\images\14a_png.rf.81c6d6e6686127d4274b4b8bbf8256b7.jpg,D:\billiards project\8-Ball Pool.v3i.yolov11\train\labels\14a_png.rf.81c6d6e6686127d4274b4b8bbf8256b7.txt,14a_png.rf.81c6d6e6686127d4274b4b8bbf8256b7.jpg,14a_png.rf.81c6d6e6686127d4274b4b8bbf8256b7.txt,9bea76c11f5f75d871b6a097983dc5fa4bfe7e2bb021c18caf41a10b1f9315ff,17c4fa452213d62177bb59d30d6918ca03918aa95e660ccc7cb767a360df4134,d493381e4e5af2f1,0
14t,situation-14,geometry_eval,D:\billiards project\8-Ball Pool.v3i.yolov11\train\images\14t_png.rf.3c97b229d4e5a2823995bdb9dbd1db76.jpg,D:\billiards project\8-Ball Pool.v3i.yolov11\train\labels\14t_png.rf.3c97b229d4e5a2823995bdb9dbd1db76.txt,14t_png.rf.3c97b229d4e5a2823995bdb9dbd1db76.jpg,14t_png.rf.3c97b229d4e5a2823995bdb9dbd1db76.txt,b2d50b6df85753e37448ba1c5ebf9f7a693be0f1f498a4a1bb1743aade75a416,7129a956767660fd52ae012badf5d399217971b6d53173b7c287acb724cee0c0,620323231b23b1d0,0
15a,situation-15,geometry_eval,D:\billiards project\8-Ball Pool.v3i.yolov11\train\images\15a_png.rf.d7f7746ea5afb68e6b42346c4990fa43.jpg,D:\billiards project\8-Ball Pool.v3i.yolov11\train\labels\15a_png.rf.d7f7746ea5afb68e6b42346c4990fa43.txt,15a_png.rf.d7f7746ea5afb68e6b42346c4990fa43.jpg,15a_png.rf.d7f7746ea5afb68e6b42346c4990fa43.txt,d423b3a53a4f74064004290364c5c9ce107ae8e9c8f380d844c2bdfb0ed69b8c,a6871c14faab62cfcb78763a2d0b416a044a9423f15f84b28865217313d8c1a7,ac9729fc0fe6f078,0
15t,situation-15,geometry_eval,D:\billiards project\8-Ball Pool.v3i.yolov11\train\images\15t_png.rf.0c6ff91ce5b83c01c4f9b1acefae2d71.jpg,D:\billiards project\8-Ball Pool.v3i.yolov11\train\labels\15t_png.rf.0c6ff91ce5b83c01c4f9b1acefae2d71.txt,15t_png.rf.0c6ff91ce5b83c01c4f9b1acefae2d71.jpg,15t_png.rf.0c6ff91ce5b83c01c4f9b1acefae2d71.txt,a10d11af7b861217d7938f7c2e72fa14bb4f75136d6a357407028d4fa4bd9cef,bc7f66a5c48127528a0bc377b3569db47e1ac8c1f05642ec61daf41bfc90841b,6003333323133b98,0
16a,situation-16,geometry_eval,D:\billiards project\8-Ball Pool.v3i.yolov11\train\images\16a_png.rf.e7f801e6e3e47469fbbd3bdd34677025.jpg,D:\billiards project\8-Ball Pool.v3i.yolov11\train\labels\16a_png.rf.e7f801e6e3e47469fbbd3bdd34677025.txt,16a_png.rf.e7f801e6e3e47469fbbd3bdd34677025.jpg,16a_png.rf.e7f801e6e3e47469fbbd3bdd34677025.txt,7ba5b4d2d01ddb73732b3e0e92809487da57c4aa75ac5404af47ad38cfb17666,3e79c1a3e7966cb12f4f9d2e436808f619b744e8569972ef3138d82f0b0bd40c,3abf1f2f1b8fcdc8,0
16t,situation-16,geometry_eval,D:\billiards project\8-Ball Pool.v3i.yolov11\train\images\16t_png.rf.119ab55b2bf60739d833fe614cf03c92.jpg,D:\billiards project\8-Ball Pool.v3i.yolov11\train\labels\16t_png.rf.119ab55b2bf60739d833fe614cf03c92.txt,16t_png.rf.119ab55b2bf60739d833fe614cf03c92.jpg,16t_png.rf.119ab55b2bf60739d833fe614cf03c92.txt,8c8360a09b883167a19228d7a3e58288fd0bcc6911c6c2bf10d434d1cf666da0,868e29dbd6d208071825c7219b6bee80cb0b34e76f8ae93fec8827105b682b56,60033b2b2313b3d0,0
17a,situation-17,geometry_eval,D:\billiards project\8-Ball Pool.v3i.yolov11\train\images\17a_png.rf.156d5bf7e3400bc2a30f1251bb4dd348.jpg,D:\billiards project\8-Ball Pool.v3i.yolov11\train\labels\17a_png.rf.156d5bf7e3400bc2a30f1251bb4dd348.txt,17a_png.rf.156d5bf7e3400bc2a30f1251bb4dd348.jpg,17a_png.rf.156d5bf7e3400bc2a30f1251bb4dd348.txt,6c3266377f26a83c1d58a2dd568c32b803a1e6103bbc61bcfa0153776a75e94f,57a21a79c875ac6f1f1b405f60df03f3c76827b38a0601b46ac3ec3da28d77a2,c2133c1d8f4feef1,0
17t,situation-17,geometry_eval,D:\billiards project\8-Ball Pool.v3i.yolov11\train\images\17t_png.rf.a8ac8e7a7eacab92e5eeafd4bec778c9.jpg,D:\billiards project\8-Ball Pool.v3i.yolov11\train\labels\17t_png.rf.a8ac8e7a7eacab92e5eeafd4bec778c9.txt,17t_png.rf.a8ac8e7a7eacab92e5eeafd4bec778c9.jpg,17t_png.rf.a8ac8e7a7eacab92e5eeafd4bec778c9.txt,0db77c34f2ba1f0411f81a5d7d21500dfc85b418ad48811ca1b145f232431262,5918cf6dd46c5c71f442550198747af2ba58a681b92a2925b3cd0a24c789f89a,60032b332333b9f8,0
18a,situation-18,geometry_eval,D:\billiards project\8-Ball Pool.v3i.yolov11\train\images\18a_png.rf.6fd1e6c4251554864ca626ac2595e32d.jpg,D:\billiards project\8-Ball Pool.v3i.yolov11\train\labels\18a_png.rf.6fd1e6c4251554864ca626ac2595e32d.txt,18a_png.rf.6fd1e6c4251554864ca626ac2595e32d.jpg,18a_png.rf.6fd1e6c4251554864ca626ac2595e32d.txt,84cf8b917480528d65773b6d9bb0172782778cfeb4bf75b093283537a726abad,95511538ede6a80c742554e7fca0a620dd6249d5da344806f6f959605db46991,97103c8f0fc7e6f0,0
18t,situation-18,geometry_eval,D:\billiards project\8-Ball Pool.v3i.yolov11\train\images\18t_png.rf.52573d3d561f4ef4c73fbcc5a0d18752.jpg,D:\billiards project\8-Ball Pool.v3i.yolov11\train\labels\18t_png.rf.52573d3d561f4ef4c73fbcc5a0d18752.txt,18t_png.rf.52573d3d561f4ef4c73fbcc5a0d18752.jpg,18t_png.rf.52573d3d561f4ef4c73fbcc5a0d18752.txt,64fdd761361ca568eafb5159a9adc1e23b25195c26dae782dec7e852dac9416c,ee12330dd3f2063aea41b0dd279abc97b3a1ec4581f676d21bd3b99e7be5757c,60033b330b13bbd0,1
19a,situation-19,geometry_eval,D:\billiards project\8-Ball Pool.v3i.yolov11\train\images\19a_png.rf.dd2935e517f1adfcd0a735f3f937fa02.jpg,D:\billiards project\8-Ball Pool.v3i.yolov11\train\labels\19a_png.rf.dd2935e517f1adfcd0a735f3f937fa02.txt,19a_png.rf.dd2935e517f1adfcd0a735f3f937fa02.jpg,19a_png.rf.dd2935e517f1adfcd0a735f3f937fa02.txt,a7d1fd3f4a3c71158bf6b8c054cefacac065ad9b9b5d95090ae18d230735e472,c19dfd083cdd43c03f4c71dd266e8230f199ee87c43f4b12948ec8c45f78f44f,537dfc1f1f83e7e4,0
19t,situation-19,geometry_eval,D:\billiards project\8-Ball Pool.v3i.yolov11\train\images\19t_png.rf.379beff6ca036f9dfee92873c63e1c91.jpg,D:\billiards project\8-Ball Pool.v3i.yolov11\train\labels\19t_png.rf.379beff6ca036f9dfee92873c63e1c91.txt,19t_png.rf.379beff6ca036f9dfee92873c63e1c91.jpg,19t_png.rf.379beff6ca036f9dfee92873c63e1c91.txt,501b4ca9ad69f59c84c977f7ff253ec52478c5bd51fb88a9e15ceb15eb625358,bdac023011600789f70700c5ce350a0fd7d2f6dc466994cd30e4fb211b3bbf47,20032b230303b3d0,0
20a,situation-20,geometry_eval,D:\billiards project\8-Ball Pool.v3i.yolov11\train\images\20a_png.rf.a3aea3e21d9ff672c555eaa2dcd6c945.jpg,D:\billiards project\8-Ball Pool.v3i.yolov11\train\labels\20a_png.rf.a3aea3e21d9ff672c555eaa2dcd6c945.txt,20a_png.rf.a3aea3e21d9ff672c555eaa2dcd6c945.jpg,20a_png.rf.a3aea3e21d9ff672c555eaa2dcd6c945.txt,283d36d56997ed99ae85d9a3a7d53357202df4f27574b694b440e4c120e44809,92da17a73c9dcd88801c2ab41f576368a4f91acc3098a0b688d9ab95d4bc64a7,7eb7795c1c9ececb,0
20t,situation-20,geometry_eval,D:\billiards project\8-Ball Pool.v3i.yolov11\train\images\20t_png.rf.9c3224a237aafafb9884ca7c91a4ddb3.jpg,D:\billiards project\8-Ball Pool.v3i.yolov11\train\labels\20t_png.rf.9c3224a237aafafb9884ca7c91a4ddb3.txt,20t_png.rf.9c3224a237aafafb9884ca7c91a4ddb3.jpg,20t_png.rf.9c3224a237aafafb9884ca7c91a4ddb3.txt,f613ae11e55c8c7f9929025e08ad3c20575f9b9a692d248d7e12b1144599fce2,59d434074602d2e24a0965ccfe78d82cc4b54f92dfbf467e70127686777716c1,8013332f0f3716e0,0
21a,situation-21,geometry_eval,D:\billiards project\8-Ball Pool.v3i.yolov11\train\images\21a_png.rf.34ea0016904d75da861731071be2058f.jpg,D:\billiards project\8-Ball Pool.v3i.yolov11\train\labels\21a_png.rf.34ea0016904d75da861731071be2058f.txt,21a_png.rf.34ea0016904d75da861731071be2058f.jpg,21a_png.rf.34ea0016904d75da861731071be2058f.txt,91d9f232efb054034f1d59a00ad8bd65f551ce03f621406f1b9f90a92fc5e6d1,3a08fd0b904265f4c0564c160ef8e968c67382c36c14026aa9825f3f03ed8155,2e69f81e8fc7e6f2,0
21f,situation-21,geometry_eval,D:\billiards project\8-Ball Pool.v3i.yolov11\train\images\21f_png.rf.1d0b1d461f995224e4dda334c1e6a20c.jpg,D:\billiards project\8-Ball Pool.v3i.yolov11\train\labels\21f_png.rf.1d0b1d461f995224e4dda334c1e6a20c.txt,21f_png.rf.1d0b1d461f995224e4dda334c1e6a20c.jpg,21f_png.rf.1d0b1d461f995224e4dda334c1e6a20c.txt,42f2a5a5d41ea3d9226e7cb3fbcccced1916f7c7b584a54f1ec9767aaaa2d0d5,9a816930b9bf4bf69bb1433a215391ae4075390dca328a1ce306494a53b43177,a48f07871723cccc,0
21t,situation-21,geometry_eval,D:\billiards project\8-Ball Pool.v3i.yolov11\train\images\21t_png.rf.23503211ec11166ceb013315fc5d8c4c.jpg,D:\billiards project\8-Ball Pool.v3i.yolov11\train\labels\21t_png.rf.23503211ec11166ceb013315fc5d8c4c.txt,21t_png.rf.23503211ec11166ceb013315fc5d8c4c.jpg,21t_png.rf.23503211ec11166ceb013315fc5d8c4c.txt,0fa4d44e5e893e8bf7dd7256b3cedf8080dbcdff6a05136bf265f82558db346a,c718b65231704f91625e18cf91a34b7586a211001012bc89be6959c5b1058a8b,8013332727031720,0
22f,situation-22,geometry_eval,D:\billiards project\8-Ball Pool.v3i.yolov11\train\images\22f_png.rf.5f4dedb3e61ea2ced7d183a74035d313.jpg,D:\billiards project\8-Ball Pool.v3i.yolov11\train\labels\22f_png.rf.5f4dedb3e61ea2ced7d183a74035d313.txt,22f_png.rf.5f4dedb3e61ea2ced7d183a74035d313.jpg,22f_png.rf.5f4dedb3e61ea2ced7d183a74035d313.txt,efb4099fd858a131915687545eb8745a76cafe4b8dd05fd3978a91f242b1ee40,39e2d1a027924f9edc4fe63f11e24c053c6b3dbae9a47d82332add467fe56333,ac8f1f971713cccc,0
22t,situation-22,geometry_eval,D:\billiards project\8-Ball Pool.v3i.yolov11\train\images\22t_png.rf.49863f3eafde9439e26908afffa544c8.jpg,D:\billiards project\8-Ball Pool.v3i.yolov11\train\labels\22t_png.rf.49863f3eafde9439e26908afffa544c8.txt,22t_png.rf.49863f3eafde9439e26908afffa544c8.jpg,22t_png.rf.49863f3eafde9439e26908afffa544c8.txt,0122a26ece256c32209bccdea4eb029fd42a84d2cbfa24d1b47d67fe6a5da213,0a4f2a60c4dd1ed817735f3b2e7c0868e4c1a23b903535cc55da5ab966b5e292,80131323233317e0,0
23a,situation-23,geometry_eval,D:\billiards project\8-Ball Pool.v3i.yolov11\train\images\23a_png.rf.c51e6e9452d0f5b24425c277e7e93085.jpg,D:\billiards project\8-Ball Pool.v3i.yolov11\train\labels\23a_png.rf.c51e6e9452d0f5b24425c277e7e93085.txt,23a_png.rf.c51e6e9452d0f5b24425c277e7e93085.jpg,23a_png.rf.c51e6e9452d0f5b24425c277e7e93085.txt,ce4fc400075edf32187795562fc864f47c9149325bee26a39ff0131f6b1fd941,11b91d3bb7d72dc2b6ef799337c1547d4a6eff8b2a4f1baf84d2f042b24db8ef,e8781f3f9bc7e6e0,0
23t,situation-23,geometry_eval,D:\billiards project\8-Ball Pool.v3i.yolov11\train\images\23t_png.rf.f9c0505fe9f3c1f4d088ff99d4625b48.jpg,D:\billiards project\8-Ball Pool.v3i.yolov11\train\labels\23t_png.rf.f9c0505fe9f3c1f4d088ff99d4625b48.txt,23t_png.rf.f9c0505fe9f3c1f4d088ff99d4625b48.jpg,23t_png.rf.f9c0505fe9f3c1f4d088ff99d4625b48.txt,a7b202fc4b0be7ac26c2b6218c881ee66527d01eafa58e1c867fa2c140d91e05,94fc358babf98dad09690b42032b8e903a471eb3e85288fe60e42d48767c790f,8013232b2b131720,0
24f,situation-24,geometry_eval,D:\billiards project\8-Ball Pool.v3i.yolov11\train\images\24f_png.rf.ee5f961ec533993bb9907fa09380d92a.jpg,D:\billiards project\8-Ball Pool.v3i.yolov11\train\labels\24f_png.rf.ee5f961ec533993bb9907fa09380d92a.txt,24f_png.rf.ee5f961ec533993bb9907fa09380d92a.jpg,24f_png.rf.ee5f961ec533993bb9907fa09380d92a.txt,aaddfdf9cc56f7ae765e1b8de43bbd62d9f422e13312b68dbb35a7f6e5deae02,c2647d37e7a8ab84549d39226feb1b4e103053db53c439887722359bcd03026b,a48f17971713cccc,0
24t,situation-24,geometry_eval,D:\billiards project\8-Ball Pool.v3i.yolov11\train\images\24t_png.rf.736be6ec774d58d37397d1d1675e4fb9.jpg,D:\billiards project\8-Ball Pool.v3i.yolov11\train\labels\24t_png.rf.736be6ec774d58d37397d1d1675e4fb9.txt,24t_png.rf.736be6ec774d58d37397d1d1675e4fb9.jpg,24t_png.rf.736be6ec774d58d37397d1d1675e4fb9.txt,0e099040120659fc1e380a2dbdaecb27af344e5a349d3869ec7b694028ff4ecc,7b6a2ee1755e40100b4e537f5256736d0acdba77928458fe0d93ad72962360ca,c09327272b331720,0
25f,situation-25,geometry_eval,D:\billiards project\8-Ball Pool.v3i.yolov11\train\images\25f_png.rf.e20424d4f5cc6ff760cbfa7767c3ec32.jpg,D:\billiards project\8-Ball Pool.v3i.yolov11\train\labels\25f_png.rf.e20424d4f5cc6ff760cbfa7767c3ec32.txt,25f_png.rf.e20424d4f5cc6ff760cbfa7767c3ec32.jpg,25f_png.rf.e20424d4f5cc6ff760cbfa7767c3ec32.txt,192398f8c44a5a53fc17be0fe6fc74c15d50f0929d61962fb3577f6a3a512d5d,0d30a920e8287de9558bf8a648716df966832894d203d36ae1805c579353d119,a58f17971713cccc,0
25t,situation-25,geometry_eval,D:\billiards project\8-Ball Pool.v3i.yolov11\train\images\25t_png.rf.28a806c6e73dff70dbdafd6d5343f0ff.jpg,D:\billiards project\8-Ball Pool.v3i.yolov11\train\labels\25t_png.rf.28a806c6e73dff70dbdafd6d5343f0ff.txt,25t_png.rf.28a806c6e73dff70dbdafd6d5343f0ff.jpg,25t_png.rf.28a806c6e73dff70dbdafd6d5343f0ff.txt,9e9908483500594556f7ddb21c4f8620938c229b573d4287ac91ef903f93e643,3f907433289808f0b624dbd757ac98fa54c34aa336c2f1f2410153fb72e899ae,8113372f2b231720,0
0,visual-001,test,D:\billiards project\8-Ball Pool.v3i.yolov11\train\images\0_png.rf.e35063c144cfd241454863d624cf01d3.jpg,D:\billiards project\8-Ball Pool.v3i.yolov11\train\labels\0_png.rf.e35063c144cfd241454863d624cf01d3.txt,0_png.rf.e35063c144cfd241454863d624cf01d3.jpg,0_png.rf.e35063c144cfd241454863d624cf01d3.txt,6649cad1f6142c3e8e11181029b5719951db3afe9cda10ab5413e0b6929feb6a,8482c53dc3e92539b4f12a434a344a87999c9d6bcb0a034e0e1f486d3a4c8878,60e233696973521c,0
17,visual-018,test,D:\billiards project\8-Ball Pool.v3i.yolov11\train\images\17_png.rf.412b3f3fd9387b5e2df8747caf3236b6.jpg,D:\billiards project\8-Ball Pool.v3i.yolov11\train\labels\17_png.rf.412b3f3fd9387b5e2df8747caf3236b6.txt,17_png.rf.412b3f3fd9387b5e2df8747caf3236b6.jpg,17_png.rf.412b3f3fd9387b5e2df8747caf3236b6.txt,7b8e371c1147ccb383230c993b466c51d6f2c9caca9ad2f7458621d6d57d99ee,6a343d6c14279719c07b291fc463d0466d17cf3e968ed3473df78f3409d8bc08,a033272b0b2317e0,0
22,visual-022,test,D:\billiards project\8-Ball Pool.v3i.yolov11\train\images\22_png.rf.57aac7aececd3a52d497d28fbb121c8c.jpg,D:\billiards project\8-Ball Pool.v3i.yolov11\train\labels\22_png.rf.57aac7aececd3a52d497d28fbb121c8c.txt,22_png.rf.57aac7aececd3a52d497d28fbb121c8c.jpg,22_png.rf.57aac7aececd3a52d497d28fbb121c8c.txt,6bc1f3ec6d6b27ec3fc19916920fba70f3a33f95f5b00e98f3259357771a4b44,cfef8b1b8c197deaef10bd41406a535f73d2da99d0b3052015616072789ddb0c,80332f27230337e0,0
23,visual-023,test,D:\billiards project\8-Ball Pool.v3i.yolov11\train\images\23_png.rf.16eca710aad8f132510abb5de8930fc0.jpg,D:\billiards project\8-Ball Pool.v3i.yolov11\train\labels\23_png.rf.16eca710aad8f132510abb5de8930fc0.txt,23_png.rf.16eca710aad8f132510abb5de8930fc0.jpg,23_png.rf.16eca710aad8f132510abb5de8930fc0.txt,a6559d26a47fdb92221d757c1d666c0a2f1b24fb8d1ad39901117d371ee4557d,cfdcbf8de03e97a98dcfbf3406934b2bb199d9f61b6e1101df9dd14da153f27c,88131b2f2b2317e0,0
44,visual-041,test,D:\billiards project\8-Ball Pool.v3i.yolov11\train\images\44_png.rf.fa470a214cd0390f0989f6f83d9bdb4b.jpg,D:\billiards project\8-Ball Pool.v3i.yolov11\train\labels\44_png.rf.fa470a214cd0390f0989f6f83d9bdb4b.txt,44_png.rf.fa470a214cd0390f0989f6f83d9bdb4b.jpg,44_png.rf.fa470a214cd0390f0989f6f83d9bdb4b.txt,2b5f43eb5abc7dadde874ce75c036df722ff995b601c4fcc2c88dd0137214a18,f6b92a0b02b4e3f2cbfacbc73a28c5ca9eb4ce1b4da05bf32cf1312e287f4851,86064707070707d6,0
46,visual-043,test,D:\billiards project\8-Ball Pool.v3i.yolov11\train\images\46_png.rf.e8ee7736ebfa4a3181665065498b2b12.jpg,D:\billiards project\8-Ball Pool.v3i.yolov11\train\labels\46_png.rf.e8ee7736ebfa4a3181665065498b2b12.txt,46_png.rf.e8ee7736ebfa4a3181665065498b2b12.jpg,46_png.rf.e8ee7736ebfa4a3181665065498b2b12.txt,eabca2da7d4eced925e7f589e3bd36d09c0b6ca077399ea488cc5abc9b5e7d43,7e244217838f8722a7c8e78e021ba2ea4d13fffe96a88cbf1d0bde43b380cd2e,96160f2f0d071e96,0
63,visual-057,test,D:\billiards project\8-Ball Pool.v3i.yolov11\train\images\63_png.rf.f5b4c1c38fa5fd80098db299a9f5f331.jpg,D:\billiards project\8-Ball Pool.v3i.yolov11\train\labels\63_png.rf.f5b4c1c38fa5fd80098db299a9f5f331.txt,63_png.rf.f5b4c1c38fa5fd80098db299a9f5f331.jpg,63_png.rf.f5b4c1c38fa5fd80098db299a9f5f331.txt,b649bf619681527d19cf2ae936b9855040758b7c08f5472cfda23a8049926fea,4c8fe3782d39a7f79cfad78613bdc820ca52278f1ebc5e9d19ba9d5997c51f30,86860cac044fd686,0
65,visual-059,test,D:\billiards project\8-Ball Pool.v3i.yolov11\train\images\65_png.rf.a963145e1b7dbd2a2dfc63cdecb0cbf2.jpg,D:\billiards project\8-Ball Pool.v3i.yolov11\train\labels\65_png.rf.a963145e1b7dbd2a2dfc63cdecb0cbf2.txt,65_png.rf.a963145e1b7dbd2a2dfc63cdecb0cbf2.jpg,65_png.rf.a963145e1b7dbd2a2dfc63cdecb0cbf2.txt,365c665537815e84ecef441fd98438ac8a7174b085d29c60ccc8113fa3d9dbd5,68fde71ce86f0b244149025c15e8a02fd8fbcce2723b8b32a6b856c08ef35993,8694044c48058c86,0
84,visual-076,test,D:\billiards project\8-Ball Pool.v3i.yolov11\train\images\84_png.rf.ce54014b2da8c78d7c8d54001ffdf576.jpg,D:\billiards project\8-Ball Pool.v3i.yolov11\train\labels\84_png.rf.ce54014b2da8c78d7c8d54001ffdf576.txt,84_png.rf.ce54014b2da8c78d7c8d54001ffdf576.jpg,84_png.rf.ce54014b2da8c78d7c8d54001ffdf576.txt,c7cfef279bbfe8f3bf3a4ea21a18089e9e757a85f594efb66a222d730d044ab4,1ce71c133549342d8c8208fa1cc958ac6516e58d98018f94d443b6588636716d,d17463030f6c6070,0
85,visual-077,test,D:\billiards project\8-Ball Pool.v3i.yolov11\train\images\85_png.rf.92386fd10cea05180773e53215694d52.jpg,D:\billiards project\8-Ball Pool.v3i.yolov11\train\labels\85_png.rf.92386fd10cea05180773e53215694d52.txt,85_png.rf.92386fd10cea05180773e53215694d52.jpg,85_png.rf.92386fd10cea05180773e53215694d52.txt,810bc9d64a706425a4db2956ecbde846c66ca75cf3defcc806fbabed94505f40,49b8f808cde29a25f63ad71b4c914b5cb8dcb6b7a31f22c529df755137d56c06,96464f272f0747d6,0
90,visual-082,test,D:\billiards project\8-Ball Pool.v3i.yolov11\train\images\90_png.rf.cc19908ab37dc78235324d2e16614622.jpg,D:\billiards project\8-Ball Pool.v3i.yolov11\train\labels\90_png.rf.cc19908ab37dc78235324d2e16614622.txt,90_png.rf.cc19908ab37dc78235324d2e16614622.jpg,90_png.rf.cc19908ab37dc78235324d2e16614622.txt,5ddaf5b43837d129ebc57690f9271370ae15627d7871ce1a9d1b14ba15e73d34,b0633fe072b92b84dca1d87c90c0dcb821e2e47578220bb6fd7d61092d043e8b,5657c7170f4ddc1c,0
91,visual-083,test,D:\billiards project\8-Ball Pool.v3i.yolov11\train\images\91_png.rf.d78bae1b26a617eb6363e4345800eb54.jpg,D:\billiards project\8-Ball Pool.v3i.yolov11\train\labels\91_png.rf.d78bae1b26a617eb6363e4345800eb54.txt,91_png.rf.d78bae1b26a617eb6363e4345800eb54.jpg,91_png.rf.d78bae1b26a617eb6363e4345800eb54.txt,f369010cbf84d907013be233f3c0009dca34ce015c3e916974a7e943861be9fb,c95dcacf5717cb326a0c7db7b6ed777ec0eb8c95aad586bc11c120ca2dcd8c9a,b89c1f0f97cedcf4,0
113,visual-103,test,D:\billiards project\8-Ball Pool.v3i.yolov11\train\images\113_png.rf.5843d20115f51d7d26f2cf52734504d3.jpg,D:\billiards project\8-Ball Pool.v3i.yolov11\train\labels\113_png.rf.5843d20115f51d7d26f2cf52734504d3.txt,113_png.rf.5843d20115f51d7d26f2cf52734504d3.jpg,113_png.rf.5843d20115f51d7d26f2cf52734504d3.txt,03124938417f271cc8afdf3b809d213834272256b93d2a8e71e03979864cd24e,299e4249e94e9559eaf3e4b4d396cf1b1cfaf18895d83d0e8b69d09f9cd069e1,b673f81f1fc3c7e4,0
115,visual-105,test,D:\billiards project\8-Ball Pool.v3i.yolov11\train\images\115_png.rf.ed51d53dd5c384b1f26a2b6ece52ad69.jpg,D:\billiards project\8-Ball Pool.v3i.yolov11\train\labels\115_png.rf.ed51d53dd5c384b1f26a2b6ece52ad69.txt,115_png.rf.ed51d53dd5c384b1f26a2b6ece52ad69.jpg,115_png.rf.ed51d53dd5c384b1f26a2b6ece52ad69.txt,8d59da32096cd0fcdf85c4990a9b0c2dd4b28c73f34cdba43f569fd4065c4080,88e2fc687a29489b031e6d8e096a7c30f359fdf17fd6ac3c7f8583051c061667,a4a71797062bcccc,0
158,visual-139,test,D:\billiards project\8-Ball Pool.v3i.yolov11\train\images\158_png.rf.26ee57b4f05c15fe87b27ed170cd79b2.jpg,D:\billiards project\8-Ball Pool.v3i.yolov11\train\labels\158_png.rf.26ee57b4f05c15fe87b27ed170cd79b2.txt,158_png.rf.26ee57b4f05c15fe87b27ed170cd79b2.jpg,158_png.rf.26ee57b4f05c15fe87b27ed170cd79b2.txt,fd5cf849ce69e31f5d0121f119a699b4532d4c426b59a24f76abf6056408194a,86536a7eed1da92f08ff46830ee4ba0d852212524a839c422c0721977ad2f944,2d8f17170e13cccc,0
170,visual-151,test,D:\billiards project\8-Ball Pool.v3i.yolov11\train\images\170_png.rf.41755d44f9afc99e7cda8ff7b064d3e5.jpg,D:\billiards project\8-Ball Pool.v3i.yolov11\train\labels\170_png.rf.41755d44f9afc99e7cda8ff7b064d3e5.txt,170_png.rf.41755d44f9afc99e7cda8ff7b064d3e5.jpg,170_png.rf.41755d44f9afc99e7cda8ff7b064d3e5.txt,30de22ee84751402f5b12f2d0397be1e862153dc035c60e70a432da4b5623dc1,bfc616d858269c0c900d8cfcc758d80477fda476305f33b1e69eaa1b8c24fee8,5a33b89e8f87e4f0,0
176,visual-157,test,D:\billiards project\8-Ball Pool.v3i.yolov11\train\images\176_png.rf.efe1d54c6d6afc77df454c854179fe54.jpg,D:\billiards project\8-Ball Pool.v3i.yolov11\train\labels\176_png.rf.efe1d54c6d6afc77df454c854179fe54.txt,176_png.rf.efe1d54c6d6afc77df454c854179fe54.jpg,176_png.rf.efe1d54c6d6afc77df454c854179fe54.txt,d06d9ec53946f697d994d2e201dc33a77c6e70eebeaa31fae2d9d7420c675526,fc0fd289a8cee06cbd96b47b00d6a894729c0e08fc1d9ecbba9b37ab801b11e5,6a483c0f0723f3f8,0
183,visual-164,test,D:\billiards project\8-Ball Pool.v3i.yolov11\train\images\183_png.rf.e95dd6384d920b9bc1a7360580bc06d0.jpg,D:\billiards project\8-Ball Pool.v3i.yolov11\train\labels\183_png.rf.e95dd6384d920b9bc1a7360580bc06d0.txt,183_png.rf.e95dd6384d920b9bc1a7360580bc06d0.jpg,183_png.rf.e95dd6384d920b9bc1a7360580bc06d0.txt,9917005bf9e1363e0da5354496ef4784e750f70526cd20e1974b8e11e99dbac1,20ceaaa64102f2eb443ad9c74f92a1eaa4f032171e349992e7bdc69164ed9b3c,d3b1781f4f47ecf8,0
185,visual-166,test,D:\billiards project\8-Ball Pool.v3i.yolov11\train\images\185_png.rf.d2a971d3a33d7f290e313be493525277.jpg,D:\billiards project\8-Ball Pool.v3i.yolov11\train\labels\185_png.rf.d2a971d3a33d7f290e313be493525277.txt,185_png.rf.d2a971d3a33d7f290e313be493525277.jpg,185_png.rf.d2a971d3a33d7f290e313be493525277.txt,49a80c056460f360bc8185f663aaf46ad278b5337bc1885ffe8486fd825011b9,f972770fde6dc3dafcf11e4d9040a9144ee1a559f8c04cce704505ecb55b9e41,9b996c3c1f87ced8,0
187,visual-168,test,D:\billiards project\8-Ball Pool.v3i.yolov11\train\images\187_png.rf.b5c19d9e137330a99f4a5885ac5c7d73.jpg,D:\billiards project\8-Ball Pool.v3i.yolov11\train\labels\187_png.rf.b5c19d9e137330a99f4a5885ac5c7d73.txt,187_png.rf.b5c19d9e137330a99f4a5885ac5c7d73.jpg,187_png.rf.b5c19d9e137330a99f4a5885ac5c7d73.txt,0a2f91088bbc76a234f1173cce6426ecf98b97fefa0933b46097d0d77d79d95c,0ceeb8b61ecf24b8a2041e40c8612e4e389e1f14a96af38f914747bc5e14a131,b5b57c1a1fcfce68,0
1,visual-002,train,D:\billiards project\8-Ball Pool.v3i.yolov11\train\images\1_png.rf.8199e7f82efa196a0732a582c5d2472e.jpg,D:\billiards project\8-Ball Pool.v3i.yolov11\train\labels\1_png.rf.8199e7f82efa196a0732a582c5d2472e.txt,1_png.rf.8199e7f82efa196a0732a582c5d2472e.jpg,1_png.rf.8199e7f82efa196a0732a582c5d2472e.txt,b8b9022dea9956945ff0fb88b227b8a8f5c47a0cb629075010ddd367d574b989,424a3910e06323fc5324ea21aaee41682a2c6c2fec63f1687c1f3c7b7e31246c,56568e170f4ddc1c,0
3,visual-004,train,D:\billiards project\8-Ball Pool.v3i.yolov11\train\images\3_png.rf.3623643d6ea770476054dcbc18ec4da8.jpg,D:\billiards project\8-Ball Pool.v3i.yolov11\train\labels\3_png.rf.3623643d6ea770476054dcbc18ec4da8.txt,3_png.rf.3623643d6ea770476054dcbc18ec4da8.jpg,3_png.rf.3623643d6ea770476054dcbc18ec4da8.txt,822fdae6685bcddd7c7962273d22a814ab7bac61938d32f15261f461a66d6e45,75ad5cc1827ca01e247e0e8fca9837c3980e4f3feaadf2e94cbfd70e5ee4ae17,0db213868ecbc8e8,0
4,visual-005,train,D:\billiards project\8-Ball Pool.v3i.yolov11\train\images\4_png.rf.e18166281030baded761bc4f93be6120.jpg,D:\billiards project\8-Ball Pool.v3i.yolov11\train\labels\4_png.rf.e18166281030baded761bc4f93be6120.txt,4_png.rf.e18166281030baded761bc4f93be6120.jpg,4_png.rf.e18166281030baded761bc4f93be6120.txt,9a90e9e12038edd548c8f7426e28fa7acb7be77ccc457091f7c989027f2fdb51,fbce9e5efaeeba9ad0212760cfe84a21b18d2140bdcf1e38b0e06342c86ff0c8,65549f8e2b33e8ec,0
5,visual-006,train,D:\billiards project\8-Ball Pool.v3i.yolov11\train\images\5_png.rf.83aee7ccd4569a48f90641b7606818c5.jpg,D:\billiards project\8-Ball Pool.v3i.yolov11\train\labels\5_png.rf.83aee7ccd4569a48f90641b7606818c5.txt,5_png.rf.83aee7ccd4569a48f90641b7606818c5.jpg,5_png.rf.83aee7ccd4569a48f90641b7606818c5.txt,cc5b7ef3ced8d7575f20b8ff322b047ada1f321658290236be1b0550e20aa49b,fb069d123ca916c2bcfd9e85d57e775b8041cb6f652dde3a3cddfa94f6868340,64559f8e2f33e8c8,0
6,visual-007,train,D:\billiards project\8-Ball Pool.v3i.yolov11\train\images\6_png.rf.58e75c08e57045157699ab7736195989.jpg,D:\billiards project\8-Ball Pool.v3i.yolov11\train\labels\6_png.rf.58e75c08e57045157699ab7736195989.txt,6_png.rf.58e75c08e57045157699ab7736195989.jpg,6_png.rf.58e75c08e57045157699ab7736195989.txt,10ce93db4c078f76f0bcc9a5c87c0067a95cffff22f27334be7e7fbb7a0a6cab,6c1cd98eaed3c02d5b4b64c5df1846543a2f9c9f349b2cf5c319f7af59296922,4cccd870780e8eee,0
7,visual-008,train,D:\billiards project\8-Ball Pool.v3i.yolov11\train\images\7_png.rf.3ff9087c873d2ff25e8d5c120bb417e8.jpg,D:\billiards project\8-Ball Pool.v3i.yolov11\train\labels\7_png.rf.3ff9087c873d2ff25e8d5c120bb417e8.txt,7_png.rf.3ff9087c873d2ff25e8d5c120bb417e8.jpg,7_png.rf.3ff9087c873d2ff25e8d5c120bb417e8.txt,45091c0df5622a351d6013aa9c75ead8c572aabcaa735044769269c3020e6dc5,2f58b8b3e8ab97cff7fe7e5eb47766146b172710fb7dc3aba64e487a62e43888,f1132f0e0e6ae8e8,0
8,visual-009,train,D:\billiards project\8-Ball Pool.v3i.yolov11\train\images\8_png.rf.00b44beea89152bdea072ac458c5ec85.jpg,D:\billiards project\8-Ball Pool.v3i.yolov11\train\labels\8_png.rf.00b44beea89152bdea072ac458c5ec85.txt,8_png.rf.00b44beea89152bdea072ac458c5ec85.jpg,8_png.rf.00b44beea89152bdea072ac458c5ec85.txt,987bc7673237049c1063bdd5a6028f638dc77b2054f9e558b85469732bc48ad6,1639a0d704deef60e3f39f34299b5a03a774416262c8b8b1eef505834c3ec186,73451f4f4d49f9be,0
9,visual-010,train,D:\billiards project\8-Ball Pool.v3i.yolov11\train\images\9_png.rf.3a4164e5647feea77eb3062be7e65aea.jpg,D:\billiards project\8-Ball Pool.v3i.yolov11\train\labels\9_png.rf.3a4164e5647feea77eb3062be7e65aea.txt,9_png.rf.3a4164e5647feea77eb3062be7e65aea.jpg,9_png.rf.3a4164e5647feea77eb3062be7e65aea.txt,3998756d05b4412d3e042cd3e758203c599ddcd215830f83c3cbcc76a73eddc2,bc3ab5fa7c061e66fa9e47e9724e63219313f11900f0030f98434683e1b8126b,7072b3796973511c,0
10,visual-011,train,D:\billiards project\8-Ball Pool.v3i.yolov11\train\images\10_png.rf.9b8c9cafc4edaba51d6fc14bc4ef7186.jpg,D:\billiards project\8-Ball Pool.v3i.yolov11\train\labels\10_png.rf.9b8c9cafc4edaba51d6fc14bc4ef7186.txt,10_png.rf.9b8c9cafc4edaba51d6fc14bc4ef7186.jpg,10_png.rf.9b8c9cafc4edaba51d6fc14bc4ef7186.txt,afa6938a4927bc68da5e2a74d22350e242bcefc600964b5b8d768c8df0424618,31a6e73e0abc27e34763b6bd1c17b7f7e3489146bb59cc825eb3d4e677ded001,9602210f0f0717d6,0
11,visual-012,train,D:\billiards project\8-Ball Pool.v3i.yolov11\train\images\11_png.rf.6b73a508e3eafaac95768aae9325dabc.jpg,D:\billiards project\8-Ball Pool.v3i.yolov11\train\labels\11_png.rf.6b73a508e3eafaac95768aae9325dabc.txt,11_png.rf.6b73a508e3eafaac95768aae9325dabc.jpg,11_png.rf.6b73a508e3eafaac95768aae9325dabc.txt,0f2f19be7c7e8253aa065fd47176b3702631b043d7002628b8ad999ee0b2514a,1a29c845dcb942b18748902fac460cafbd9c0a78047c1a8c05c11626f7876196,96061f07232f0696,0
12,visual-013,train,D:\billiards project\8-Ball Pool.v3i.yolov11\train\images\12_png.rf.9071d30b04e7162eeae5abb28b0ff82c.jpg,D:\billiards project\8-Ball Pool.v3i.yolov11\train\labels\12_png.rf.9071d30b04e7162eeae5abb28b0ff82c.txt,12_png.rf.9071d30b04e7162eeae5abb28b0ff82c.jpg,12_png.rf.9071d30b04e7162eeae5abb28b0ff82c.txt,3965a5c2f3d53f0bfb67aa742b2b2a87c3c1df9790862e6936bf38c58ca0e2f1,db997ca08bc28d4beca695b9ebda3a4b935011bbc7ee55e82359c19ec1ffc804,96163717151707d6,0
13,visual-014,train,D:\billiards project\8-Ball Pool.v3i.yolov11\train\images\13_png.rf.6997e656c43b72e712856bc7557bedf9.jpg,D:\billiards project\8-Ball Pool.v3i.yolov11\train\labels\13_png.rf.6997e656c43b72e712856bc7557bedf9.txt,13_png.rf.6997e656c43b72e712856bc7557bedf9.jpg,13_png.rf.6997e656c43b72e712856bc7557bedf9.txt,11fdc1bfecc8fddba437d27e08812958437e21207a62f3d901d789ff7e197e74,a91d4ce34823fa45280fbd404fdd3b487846613958700f7be4305246b664889d,9606210b0f1303d6,0
14,visual-015,train,D:\billiards project\8-Ball Pool.v3i.yolov11\train\images\14_png.rf.8d86ed0d9c157e98afbb750c6da8e2a3.jpg,D:\billiards project\8-Ball Pool.v3i.yolov11\train\labels\14_png.rf.8d86ed0d9c157e98afbb750c6da8e2a3.txt,14_png.rf.8d86ed0d9c157e98afbb750c6da8e2a3.jpg,14_png.rf.8d86ed0d9c157e98afbb750c6da8e2a3.txt,aa348e78f54411b9e0b07e4e537902f775ae10189104216420b63d59b72e17cc,9ce892c4c052392e7d1e7f8e883a704eaba6dcc0d2af95257116388b415699a2,86061717351b0796,0
15,visual-016,train,D:\billiards project\8-Ball Pool.v3i.yolov11\train\images\15_png.rf.f28eaebb6a7dae29a59dd6b9d28ea7d5.jpg,D:\billiards project\8-Ball Pool.v3i.yolov11\train\labels\15_png.rf.f28eaebb6a7dae29a59dd6b9d28ea7d5.txt,15_png.rf.f28eaebb6a7dae29a59dd6b9d28ea7d5.jpg,15_png.rf.f28eaebb6a7dae29a59dd6b9d28ea7d5.txt,5068e28aa23e5d5d75cef866e0664f2a060beca6b1e6653c5d58a730540a9fc5,54189e1002d878de7fccb2586f128549411fb0542f8916efc21f3052372e0725,92ab96727c1c9ec7,0
16,visual-017,train,D:\billiards project\8-Ball Pool.v3i.yolov11\train\images\16_png.rf.691cc1c2ecb1a6b9e2b253b55ee31e37.jpg,D:\billiards project\8-Ball Pool.v3i.yolov11\train\labels\16_png.rf.691cc1c2ecb1a6b9e2b253b55ee31e37.txt,16_png.rf.691cc1c2ecb1a6b9e2b253b55ee31e37.jpg,16_png.rf.691cc1c2ecb1a6b9e2b253b55ee31e37.txt,9e8a89bf0d8f34f826fa56319625f78cf4f93ae7d1c1152bf8fad2ddaab22335,032f71ee47670eb84746ae27600b758a173ba347949943ffefe06f264e06b0ed,80132b33032317e0,0
18,visual-019,train,D:\billiards project\8-Ball Pool.v3i.yolov11\train\images\18_png.rf.deca17bfe3ef6a0738238319d1dcdd71.jpg,D:\billiards project\8-Ball Pool.v3i.yolov11\train\labels\18_png.rf.deca17bfe3ef6a0738238319d1dcdd71.txt,18_png.rf.deca17bfe3ef6a0738238319d1dcdd71.jpg,18_png.rf.deca17bfe3ef6a0738238319d1dcdd71.txt,fd23d04753e059841dbb0aa539139b61d7750cc6be52b52b0019a8f6c1248e8c,ee8cd2b770839a0eaafc5744a357e3650b45f8663d895e7508fbc5ef08fcbb5c,ad07171716138ecc,0
21,visual-021,train,D:\billiards project\8-Ball Pool.v3i.yolov11\train\images\21_png.rf.14a3f0eb3df1717c54de3445f3988524.jpg,D:\billiards project\8-Ball Pool.v3i.yolov11\train\labels\21_png.rf.14a3f0eb3df1717c54de3445f3988524.txt,21_png.rf.14a3f0eb3df1717c54de3445f3988524.jpg,21_png.rf.14a3f0eb3df1717c54de3445f3988524.txt,f71ba24f2af4a1b2d6fb9e3162ee6e2f3d6531b230469632d8b4f974b3bd63df,c5cb7794679ab19e53279de6a584bced394ec1a2a8ef7103e0a4291161d45716,8d8f979796170ecc,0
24,visual-024,train,D:\billiards project\8-Ball Pool.v3i.yolov11\train\images\24_png.rf.76109e322271997766d83ebb01eba055.jpg,D:\billiards project\8-Ball Pool.v3i.yolov11\train\labels\24_png.rf.76109e322271997766d83ebb01eba055.txt,24_png.rf.76109e322271997766d83ebb01eba055.jpg,24_png.rf.76109e322271997766d83ebb01eba055.txt,95cec854d7a9c284960075817864938ed9960a833cb34c29d73eb8136ad3be0e,2bb0675c480513963ac140cd874fb589e8c060679f8d00926e22f804e9f9ef82,80332f23232717e0,0
25,visual-025,train,D:\billiards project\8-Ball Pool.v3i.yolov11\train\images\25_png.rf.7e8991bbc403d6fbe9b9e6877ce5f38a.jpg,D:\billiards project\8-Ball Pool.v3i.yolov11\train\labels\25_png.rf.7e8991bbc403d6fbe9b9e6877ce5f38a.txt,25_png.rf.7e8991bbc403d6fbe9b9e6877ce5f38a.jpg,25_png.rf.7e8991bbc403d6fbe9b9e6877ce5f38a.txt,bdda0df3d8fdb64a80c049d1cb4271253620a3806adee71e149cf4035150bc42,e7b9b3c6d9500b2f848b9447ec2e1d47117003ad3f29a1e20b4a05b290878361,80372b232b2717e1,0
26,visual-026,train,D:\billiards project\8-Ball Pool.v3i.yolov11\train\images\26_png.rf.58fd63888dc80d24e902a96995a31656.jpg,D:\billiards project\8-Ball Pool.v3i.yolov11\train\labels\26_png.rf.58fd63888dc80d24e902a96995a31656.txt,26_png.rf.58fd63888dc80d24e902a96995a31656.jpg,26_png.rf.58fd63888dc80d24e902a96995a31656.txt,d3e1cae595c67334a4486a106c5e41a4825494c224f4b74bd789bdc4bbae1d5f,5f8e4137293314454f646903676e282ef36ed2eb811c738a8d838bff7b31b60f,81372f23232317e0,0
27,visual-027,train,D:\billiards project\8-Ball Pool.v3i.yolov11\train\images\27_png.rf.b66e7ecbfb20811de556a247f42c24ec.jpg,D:\billiards project\8-Ball Pool.v3i.yolov11\train\labels\27_png.rf.b66e7ecbfb20811de556a247f42c24ec.txt,27_png.rf.b66e7ecbfb20811de556a247f42c24ec.jpg,27_png.rf.b66e7ecbfb20811de556a247f42c24ec.txt,244aa0c7180f395dde264e88441297198939fe15862003d6e7afcf033f03f58c,7b4a49434f4d2c32b5538158a4c45c9c4b6768e59ac548a1991a5e26813df9c1,ad0f179716130ecc,0
28,visual-028,train,D:\billiards project\8-Ball Pool.v3i.yolov11\train\images\28_png.rf.eae3c87c5a3a27e7321c4f3f9b902dc7.jpg,D:\billiards project\8-Ball Pool.v3i.yolov11\train\labels\28_png.rf.eae3c87c5a3a27e7321c4f3f9b902dc7.txt,28_png.rf.eae3c87c5a3a27e7321c4f3f9b902dc7.jpg,28_png.rf.eae3c87c5a3a27e7321c4f3f9b902dc7.txt,d82272031f4c12addabdcaf745d8a1ff2ec28570c11ece238c051e9a304168e9,d43a26825c6573feb153398282077643d02155e7265c4e818a525a6659e13b5a,d0333f2b2b2317e0,0
30,visual-030,train,D:\billiards project\8-Ball Pool.v3i.yolov11\train\images\30_png.rf.e72e10b42198e1de89cc63429368e384.jpg,D:\billiards project\8-Ball Pool.v3i.yolov11\train\labels\30_png.rf.e72e10b42198e1de89cc63429368e384.txt,30_png.rf.e72e10b42198e1de89cc63429368e384.jpg,30_png.rf.e72e10b42198e1de89cc63429368e384.txt,b2aea9cc20523b2a2d9c7fdf61d83dc8e81540115d8d8ac829bd968175c055dd,eba37a4ee859e25be1c8e27da76cf369ed7636e531f7e852188d393c548fd0d9,80332f27232b17e8,0
31,visual-031,train,D:\billiards project\8-Ball Pool.v3i.yolov11\train\images\31_png.rf.0f21d20a8cd7c12cbb1222cd2070b345.jpg,D:\billiards project\8-Ball Pool.v3i.yolov11\train\labels\31_png.rf.0f21d20a8cd7c12cbb1222cd2070b345.txt,31_png.rf.0f21d20a8cd7c12cbb1222cd2070b345.jpg,31_png.rf.0f21d20a8cd7c12cbb1222cd2070b345.txt,41939a9d7b8100614ae323188e765602bb3794ee2f87f9a53652d47065e08c38,97e378f541cb76d0827249010ad0e8eb82103e2e5864b05033a1c045d4266863,80372f2b232317e1,0
33,visual-033,train,D:\billiards project\8-Ball Pool.v3i.yolov11\train\images\33_png.rf.297fe8781d6a91fb415a3483e34b5d6d.jpg,D:\billiards project\8-Ball Pool.v3i.yolov11\train\labels\33_png.rf.297fe8781d6a91fb415a3483e34b5d6d.txt,33_png.rf.297fe8781d6a91fb415a3483e34b5d6d.jpg,33_png.rf.297fe8781d6a91fb415a3483e34b5d6d.txt,416920a4ebb7da2aa57201ab382af885d85828a74be0e2489bb2672908341434,87d4735a15044be16a87da0df7d2db29deeadca579cb7c3265433b66e59f995d,960e0f0f6f0707d6,0
34,visual-034,train,D:\billiards project\8-Ball Pool.v3i.yolov11\train\images\34_png.rf.407889c8b2afe2a57c57461fa46b2d4f.jpg,D:\billiards project\8-Ball Pool.v3i.yolov11\train\labels\34_png.rf.407889c8b2afe2a57c57461fa46b2d4f.txt,34_png.rf.407889c8b2afe2a57c57461fa46b2d4f.jpg,34_png.rf.407889c8b2afe2a57c57461fa46b2d4f.txt,176aa0809deeb201392969319980b7321580e6ca6596daf2a1d5bd5f651cc075,74fae2554f3554b3ed25c47524c410aeeacb0113d6c0ccb75ca2bb29531445e2,ad0f17870f030ecc,0
35,visual-035,train,D:\billiards project\8-Ball Pool.v3i.yolov11\train\images\35_png.rf.3b3f67570700881bc1962c56d85d95eb.jpg,D:\billiards project\8-Ball Pool.v3i.yolov11\train\labels\35_png.rf.3b3f67570700881bc1962c56d85d95eb.txt,35_png.rf.3b3f67570700881bc1962c56d85d95eb.jpg,35_png.rf.3b3f67570700881bc1962c56d85d95eb.txt,77718dea3415b1752345484942b87685541d41b261ad83b184c683995725cc2b,b53f63dc5fc5ed1ba562eb81d8cbd2fb2287266e4a352da61788111d3f92ee92,2d0f17071a130ecc,0
36,visual-036,train,D:\billiards project\8-Ball Pool.v3i.yolov11\train\images\36_png.rf.0335463c111a76dc82384e5664c969ca.jpg,D:\billiards project\8-Ball Pool.v3i.yolov11\train\labels\36_png.rf.0335463c111a76dc82384e5664c969ca.txt,36_png.rf.0335463c111a76dc82384e5664c969ca.jpg,36_png.rf.0335463c111a76dc82384e5664c969ca.txt,8cd346f40833e4145c8167520ba6cf0ba17d192339e55a25398a223aa22693e9,0fc0b96efc9fa083faad473a533c3dc1b884e8e137fa5da287d481347af988b7,80332b23232717ec,0
37,visual-037,train,D:\billiards project\8-Ball Pool.v3i.yolov11\train\images\37_png.rf.a2fe8faa9b5237f15f8ad0a0f63d704e.jpg,D:\billiards project\8-Ball Pool.v3i.yolov11\train\labels\37_png.rf.a2fe8faa9b5237f15f8ad0a0f63d704e.txt,37_png.rf.a2fe8faa9b5237f15f8ad0a0f63d704e.jpg,37_png.rf.a2fe8faa9b5237f15f8ad0a0f63d704e.txt,637fa24c6c67c91ce86fa55ba5a52a18de95162fd786758b98c45f6652b014dc,e1929d8e61ec386c16cffc15819c45f2736c1950803c6264c854333d61a1c6f6,80333b33232717e0,0
39,visual-037,train,D:\billiards project\8-Ball Pool.v3i.yolov11\train\images\39_png.rf.dc31e2cb0d05a0df89cfefc35ec71231.jpg,D:\billiards project\8-Ball Pool.v3i.yolov11\train\labels\39_png.rf.dc31e2cb0d05a0df89cfefc35ec71231.txt,39_png.rf.dc31e2cb0d05a0df89cfefc35ec71231.jpg,39_png.rf.dc31e2cb0d05a0df89cfefc35ec71231.txt,15df8d301cae31b31e5f92c7d6bba5884451923d0d44ab50c313b94629238687,a62ac25fe0a62da4f7eca22fb2e2c595d17d7a41d5beb3ed4adff03a8dc83238,80333b23032317e0,0
40,visual-037,train,D:\billiards project\8-Ball Pool.v3i.yolov11\train\images\40_png.rf.5bb1a2e7946b7a35cb9e87950cc508da.jpg,D:\billiards project\8-Ball Pool.v3i.yolov11\train\labels\40_png.rf.5bb1a2e7946b7a35cb9e87950cc508da.txt,40_png.rf.5bb1a2e7946b7a35cb9e87950cc508da.jpg,40_png.rf.5bb1a2e7946b7a35cb9e87950cc508da.txt,b996565b7f62bd50ae606bbf45c12d6cf513ae7bfc632591fd8d3c7631980942,04b501550162b1844291d6005899d2b4efa5cff83c85db0dcceac2f03961f78b,80333b23032717e0,0
41,visual-037,train,D:\billiards project\8-Ball Pool.v3i.yolov11\train\images\41_png.rf.1b958373ee00ad9b6c72ccde65ac6c44.jpg,D:\billiards project\8-Ball Pool.v3i.yolov11\train\labels\41_png.rf.1b958373ee00ad9b6c72ccde65ac6c44.txt,41_png.rf.1b958373ee00ad9b6c72ccde65ac6c44.jpg,41_png.rf.1b958373ee00ad9b6c72ccde65ac6c44.txt,f13e13558e0df6cef673199915b4d3f346224833fd18906b01a22b289d45e9a6,345958661d5fb6c139dc4278ca88cf551e516fdcfd7696fb4a3f3a1731554022,80330b23032717e0,0
38,visual-038,train,D:\billiards project\8-Ball Pool.v3i.yolov11\train\images\38_png.rf.5f7178d32f8c80830acba72ceaa53c52.jpg,D:\billiards project\8-Ball Pool.v3i.yolov11\train\labels\38_png.rf.5f7178d32f8c80830acba72ceaa53c52.txt,38_png.rf.5f7178d32f8c80830acba72ceaa53c52.jpg,38_png.rf.5f7178d32f8c80830acba72ceaa53c52.txt,002e0e6e67cb1fae92c179b28e9a530073ee9bbe803757cf4ef222040bbf770b,50423eec729d1929b675cea5f1a7ace07dc96f3a1f95fada56584de8befdb0bb,960f0f0307071796,0
42,visual-039,train,D:\billiards project\8-Ball Pool.v3i.yolov11\train\images\42_png.rf.c6be4b18ac2a7d7c6e71b98132d5b411.jpg,D:\billiards project\8-Ball Pool.v3i.yolov11\train\labels\42_png.rf.c6be4b18ac2a7d7c6e71b98132d5b411.txt,42_png.rf.c6be4b18ac2a7d7c6e71b98132d5b411.jpg,42_png.rf.c6be4b18ac2a7d7c6e71b98132d5b411.txt,a336e02cd6ffffbb84613b5d6f83f1caa0e810614f44c40bb8c6179f28016b56,6d9feae08c06544bc1c666289cf5ff9634464062969ebd9668ff08adaf278758,80330b0b032b17e0,0
43,visual-040,train,D:\billiards project\8-Ball Pool.v3i.yolov11\train\images\43_png.rf.68ae08a017d1928a4cef37867a7f3231.jpg,D:\billiards project\8-Ball Pool.v3i.yolov11\train\labels\43_png.rf.68ae08a017d1928a4cef37867a7f3231.txt,43_png.rf.68ae08a017d1928a4cef37867a7f3231.jpg,43_png.rf.68ae08a017d1928a4cef37867a7f3231.txt,d0e8332bdd169cee60c747818ac2c1168ec94b28218a37786334dcdb67dacdea,ff215b20873f7380d40d67c49b19cd114526d731a314c02cba7dfcbdefc4a104,94040d05051f1796,0
45,visual-042,train,D:\billiards project\8-Ball Pool.v3i.yolov11\train\images\45_png.rf.43f0ee51239a195f99b51eccc4d2a8f2.jpg,D:\billiards project\8-Ball Pool.v3i.yolov11\train\labels\45_png.rf.43f0ee51239a195f99b51eccc4d2a8f2.txt,45_png.rf.43f0ee51239a195f99b51eccc4d2a8f2.jpg,45_png.rf.43f0ee51239a195f99b51eccc4d2a8f2.txt,8f4a2ad322d13a4030838f8e93fa36063101cdb3926a836f0d434927a346a537,945f6678a9df56fa5c5b8b46a6e980850d62b430ed8bc6a1f635603a8465caa0,960e03232d1717d6,0
47,visual-044,train,D:\billiards project\8-Ball Pool.v3i.yolov11\train\images\47_png.rf.bc20932b8fce905f2947cfc69dd6920c.jpg,D:\billiards project\8-Ball Pool.v3i.yolov11\train\labels\47_png.rf.bc20932b8fce905f2947cfc69dd6920c.txt,47_png.rf.bc20932b8fce905f2947cfc69dd6920c.jpg,47_png.rf.bc20932b8fce905f2947cfc69dd6920c.txt,ec3b8831edda5e668b10ff6d90cbcff4fd3927e1ecea3337a0eac03e5d93bbd0,16304ba5a3f7e70c33c556a81abdf0899d854403736285e385a954922993df60,96170f03070717d6,0
48,visual-045,train,D:\billiards project\8-Ball Pool.v3i.yolov11\train\images\48_png.rf.6d53741dd87298c5fedafc4e15fab214.jpg,D:\billiards project\8-Ball Pool.v3i.yolov11\train\labels\48_png.rf.6d53741dd87298c5fedafc4e15fab214.txt,48_png.rf.6d53741dd87298c5fedafc4e15fab214.jpg,48_png.rf.6d53741dd87298c5fedafc4e15fab214.txt,e096c005cec19de14f8aa97ba7156546807b79c5c343556ae8ceea03e2aabd5f,a38dc0ba67902f5c5990ed9779e3f02b1249c90137d8d6eb0e839519139025f5,96060705050707d6,0
50,visual-045,train,D:\billiards project\8-Ball Pool.v3i.yolov11\train\images\50_png.rf.383e95718229d46e0da9d8f13dff24d6.jpg,D:\billiards project\8-Ball Pool.v3i.yolov11\train\labels\50_png.rf.383e95718229d46e0da9d8f13dff24d6.txt,50_png.rf.383e95718229d46e0da9d8f13dff24d6.jpg,50_png.rf.383e95718229d46e0da9d8f13dff24d6.txt,2cac88d3c5b89c5e06239af8c595e595b3c44d340082d250442f5f3fda03df08,02d14fc7a54666d3158782f5ad7f87d1032b233840278194608c99ffec3af03e,96060745070707d6,0
75,visual-045,train,D:\billiards project\8-Ball Pool.v3i.yolov11\train\images\75_png.rf.fec3448d8e1f00fd7d681730877c8e37.jpg,D:\billiards project\8-Ball Pool.v3i.yolov11\train\labels\75_png.rf.fec3448d8e1f00fd7d681730877c8e37.txt,75_png.rf.fec3448d8e1f00fd7d681730877c8e37.jpg,75_png.rf.fec3448d8e1f00fd7d681730877c8e37.txt,d863b17555d94753cc471a7f6cd4c7f8028d34d9c5a6c72f8438d5dd55f0ac2c,f8eaf0429caa2b2a76898f5b3478311c32f639eed65c199982b55aceb449bb5f,96060705050707d6,0
49,visual-046,train,D:\billiards project\8-Ball Pool.v3i.yolov11\train\images\49_png.rf.34dd21e67336cfaacfc62268433a9c2d.jpg,D:\billiards project\8-Ball Pool.v3i.yolov11\train\labels\49_png.rf.34dd21e67336cfaacfc62268433a9c2d.txt,49_png.rf.34dd21e67336cfaacfc62268433a9c2d.jpg,49_png.rf.34dd21e67336cfaacfc62268433a9c2d.txt,589b6fdcfc292cd81d6e9c0f8139bfe5e72eff6eacf04d1112814c7582a6b6ed,f7f973abb497dfc22dd1bdbe3ce17f3086e7d92f857570cf3b5abd9728ed1639,80132b27171717e0,0
51,visual-047,train,D:\billiards project\8-Ball Pool.v3i.yolov11\train\images\51_png.rf.6cd3806d5bbf3bb4c08aa71f88200357.jpg,D:\billiards project\8-Ball Pool.v3i.yolov11\train\labels\51_png.rf.6cd3806d5bbf3bb4c08aa71f88200357.txt,51_png.rf.6cd3806d5bbf3bb4c08aa71f88200357.jpg,51_png.rf.6cd3806d5bbf3bb4c08aa71f88200357.txt,57572294121872a787b1a366b729322b0c1d3041fbe8adea7a4fb669f783f4bf,c6d588f041c78e7216a44cf18ac6134986a6e2b8c3c45dbb3b17ab41a76491eb,96060b03070707d6,0
52,visual-048,train,D:\billiards project\8-Ball Pool.v3i.yolov11\train\images\52_png.rf.d9ef7051544ef241be7a8134959f3411.jpg,D:\billiards project\8-Ball Pool.v3i.yolov11\train\labels\52_png.rf.d9ef7051544ef241be7a8134959f3411.txt,52_png.rf.d9ef7051544ef241be7a8134959f3411.jpg,52_png.rf.d9ef7051544ef241be7a8134959f3411.txt,924f1e123ac913ec248a1d9886a6160983c64891060f836d77ba09d765ee566c,78f4513cce0b05e1677907b671a96b61d3464a8ef0f1aa3ab2481c8ea98168c3,96061f2f07070fc6,0
53,visual-048,train,D:\billiards project\8-Ball Pool.v3i.yolov11\train\images\53_png.rf.855b0f59076e870a81b9fa99f43590a7.jpg,D:\billiards project\8-Ball Pool.v3i.yolov11\train\labels\53_png.rf.855b0f59076e870a81b9fa99f43590a7.txt,53_png.rf.855b0f59076e870a81b9fa99f43590a7.jpg,53_png.rf.855b0f59076e870a81b9fa99f43590a7.txt,96c37bc273e4e82e365dc0eebcfde2b4dfd3206a6d145d011954e413b92e21e7,45990e88fcee72492a41e32738ff86b4b2947537495faede8633ddcc622853a1,96061f2f07070fd6,0
54,visual-049,train,D:\billiards project\8-Ball Pool.v3i.yolov11\train\images\54_png.rf.18d8023ac7bcdc316c9be6efbd0070ef.jpg,D:\billiards project\8-Ball Pool.v3i.yolov11\train\labels\54_png.rf.18d8023ac7bcdc316c9be6efbd0070ef.txt,54_png.rf.18d8023ac7bcdc316c9be6efbd0070ef.jpg,54_png.rf.18d8023ac7bcdc316c9be6efbd0070ef.txt,5ce486346fc86dcbfd7191e91198af6b9c0754bfee75795f244de694e7607bd0,103b3baf30bd1bce1a3a95a7c77c609a256b4a018b3e06db582019c277565510,9606173f0f070796,0
56,visual-049,train,D:\billiards project\8-Ball Pool.v3i.yolov11\train\images\56_png.rf.d816086571a6166985bd89660706de3c.jpg,D:\billiards project\8-Ball Pool.v3i.yolov11\train\labels\56_png.rf.d816086571a6166985bd89660706de3c.txt,56_png.rf.d816086571a6166985bd89660706de3c.jpg,56_png.rf.d816086571a6166985bd89660706de3c.txt,6fb156fb76715cfe7985c8e8487300a0aefa89c9636a1d75188d73a5967e55c6,d3cbfd6e9565025114976861d0899b9003f6376b3dcd0548cd26ff387eeae0d4,8606173b0f070796,0
55,visual-050,train,D:\billiards project\8-Ball Pool.v3i.yolov11\train\images\55_png.rf.68431d245b349b193d16154de0905524.jpg,D:\billiards project\8-Ball Pool.v3i.yolov11\train\labels\55_png.rf.68431d245b349b193d16154de0905524.txt,55_png.rf.68431d245b349b193d16154de0905524.jpg,55_png.rf.68431d245b349b193d16154de0905524.txt,764ab3bcd717fa989b3449a6a744f5f418bd9b2cb9f1c719c0f8c3f157b7c519,bb23689e382cd8e999b8334b63b885bac1b5acc4878878a40139f1f9cce2db80,9606072f07030796,0
57,visual-051,train,D:\billiards project\8-Ball Pool.v3i.yolov11\train\images\57_png.rf.03d3722260858e9a17b3a16291bd0103.jpg,D:\billiards project\8-Ball Pool.v3i.yolov11\train\labels\57_png.rf.03d3722260858e9a17b3a16291bd0103.txt,57_png.rf.03d3722260858e9a17b3a16291bd0103.jpg,57_png.rf.03d3722260858e9a17b3a16291bd0103.txt,fea0c71882a0b3b9072d135d6ad16b7f4f4b4248eebf8b5b239fcfca90d31cf8,daa8dc376d14830abb596f6a74d1ec5d2715f3928c3c99137827891332b27e70,960607050b270796,0
58,visual-052,train,D:\billiards project\8-Ball Pool.v3i.yolov11\train\images\58_png.rf.b94027c8488125d21180dde164fc71f6.jpg,D:\billiards project\8-Ball Pool.v3i.yolov11\train\labels\58_png.rf.b94027c8488125d21180dde164fc71f6.txt,58_png.rf.b94027c8488125d21180dde164fc71f6.jpg,58_png.rf.b94027c8488125d21180dde164fc71f6.txt,96b9cce1102db9642d97fc283b05db75d6ba576c1da367c9306c3cc4f8341b67,9e2c8e955582351aa7d667d1c63480deebbfb7ab0f78037b37d9c6a3c941f9d7,96060703030707d6,0
59,visual-053,train,D:\billiards project\8-Ball Pool.v3i.yolov11\train\images\59_png.rf.4a6785ea55d34bd60949327634ab613d.jpg,D:\billiards project\8-Ball Pool.v3i.yolov11\train\labels\59_png.rf.4a6785ea55d34bd60949327634ab613d.txt,59_png.rf.4a6785ea55d34bd60949327634ab613d.jpg,59_png.rf.4a6785ea55d34bd60949327634ab613d.txt,675ae851bf71c3cb4d2fdaebcd9e9b23c55b92359bd1ad0341c4602642570b63,a94162acb70d03500266910990ffeae3a4c735b4564769d05552becaed0f40e3,86840c884a256286,0
60,visual-054,train,D:\billiards project\8-Ball Pool.v3i.yolov11\train\images\60_png.rf.86486015e392f6e4d94b76b74845f588.jpg,D:\billiards project\8-Ball Pool.v3i.yolov11\train\labels\60_png.rf.86486015e392f6e4d94b76b74845f588.txt,60_png.rf.86486015e392f6e4d94b76b74845f588.jpg,60_png.rf.86486015e392f6e4d94b76b74845f588.txt,04158acd6ed46dce8e626cb302e4bb5f91142ea3cc979cccd2a6f4d9c8079c40,c9314dd044cb853ed6422c4ecf38e9879b78c1d6fa601b6841efff7d1895522f,868401cc0243cc86,0
61,visual-055,train,D:\billiards project\8-Ball Pool.v3i.yolov11\train\images\61_png.rf.fcb03285eaaa0805f6a53443b10cd4fe.jpg,D:\billiards project\8-Ball Pool.v3i.yolov11\train\labels\61_png.rf.fcb03285eaaa0805f6a53443b10cd4fe.txt,61_png.rf.fcb03285eaaa0805f6a53443b10cd4fe.jpg,61_png.rf.fcb03285eaaa0805f6a53443b10cd4fe.txt,ea0c0bc036e2ea1fbf0131905300768f0d65e9cf3b840a9c59d43e4ee52cd7de,abe178d3d8acaad71fc262de24fa7ffc6ce4ce77f18795224f81001080890459,9616071707070796,0
69,visual-055,train,D:\billiards project\8-Ball Pool.v3i.yolov11\train\images\69_png.rf.1edee7e4c9a2c82d508c7805de8bb35c.jpg,D:\billiards project\8-Ball Pool.v3i.yolov11\train\labels\69_png.rf.1edee7e4c9a2c82d508c7805de8bb35c.txt,69_png.rf.1edee7e4c9a2c82d508c7805de8bb35c.jpg,69_png.rf.1edee7e4c9a2c82d508c7805de8bb35c.txt,8f294edc45a9c5cf70577c54073953d41b339956f7e2e53a7f6bb8f5d4a8d6e7,10e69f51816ac425ae1320ff2253ddd17bf4ecd48e2e0c04af7a7a0f5779f071,9606071707070696,0
62,visual-056,train,D:\billiards project\8-Ball Pool.v3i.yolov11\train\images\62_png.rf.bf43de5f5dde5fa31781dc0f01c58883.jpg,D:\billiards project\8-Ball Pool.v3i.yolov11\train\labels\62_png.rf.bf43de5f5dde5fa31781dc0f01c58883.txt,62_png.rf.bf43de5f5dde5fa31781dc0f01c58883.jpg,62_png.rf.bf43de5f5dde5fa31781dc0f01c58883.txt,c0d7fddd506dcd01433d2371adecb29133424b9ebe90e87817127fdc4764d984,6b8019557f4a9c381527fb449cd41af5ce9a1411dccc23baf8e564ebcf5a7c11,86960d8848298286,0
64,visual-058,train,D:\billiards project\8-Ball Pool.v3i.yolov11\train\images\64_png.rf.8322253b1a0f6abfcf98c466097d8b17.jpg,D:\billiards project\8-Ball Pool.v3i.yolov11\train\labels\64_png.rf.8322253b1a0f6abfcf98c466097d8b17.txt,64_png.rf.8322253b1a0f6abfcf98c466097d8b17.jpg,64_png.rf.8322253b1a0f6abfcf98c466097d8b17.txt,79f3f47d0c985c77733f563220b424f0c3bd497e9e6e703bfc98a4358ebd56cb,9e37546178a7c3192247af47400a05495998a4875737e9ef920237f6a3f950fe,86840c4c480d8896,0
66,visual-060,train,D:\billiards project\8-Ball Pool.v3i.yolov11\train\images\66_png.rf.4cae8e3276f22572dc03614ba2654a27.jpg,D:\billiards project\8-Ball Pool.v3i.yolov11\train\labels\66_png.rf.4cae8e3276f22572dc03614ba2654a27.txt,66_png.rf.4cae8e3276f22572dc03614ba2654a27.jpg,66_png.rf.4cae8e3276f22572dc03614ba2654a27.txt,ce74bb191e274878106bc2d0cde4c190c26c898e7b2ec05b92f496be97fea1fc,2c3fedc18a7805647cc8d49dac0d9f1a65e75d3bd2008494ce08b7938ac13de5,86840ccc04099286,0
67,visual-061,train,D:\billiards project\8-Ball Pool.v3i.yolov11\train\images\67_png.rf.1f3b76172afb30906fa89dde6248e1c9.jpg,D:\billiards project\8-Ball Pool.v3i.yolov11\train\labels\67_png.rf.1f3b76172afb30906fa89dde6248e1c9.txt,67_png.rf.1f3b76172afb30906fa89dde6248e1c9.jpg,67_png.rf.1f3b76172afb30906fa89dde6248e1c9.txt,6238ac61b2b4d94643e9c93d3ec6646476398cad16ae0e29d309dd4523d93793,15a1cc4daed86c4e2033d00e1cfba1c6952cebc236201183b1ae223279f912f8,86840cc80c3d8686,0
68,visual-062,train,D:\billiards project\8-Ball Pool.v3i.yolov11\train\images\68_png.rf.2abffb51d52abb9355fb9037922c7535.jpg,D:\billiards project\8-Ball Pool.v3i.yolov11\train\labels\68_png.rf.2abffb51d52abb9355fb9037922c7535.txt,68_png.rf.2abffb51d52abb9355fb9037922c7535.jpg,68_png.rf.2abffb51d52abb9355fb9037922c7535.txt,9d6f46d6cfe230ad6e6cbe434014d3e1dc8a784aa34cee420fc7b2f80213f2fc,37a724d8b094b9a32d1f9c323f6302a4ad99bdc7f9a8651f9ec049cf7d78ae74,86844cc80807a286,0
70,visual-063,train,D:\billiards project\8-Ball Pool.v3i.yolov11\train\images\70_png.rf.c11964e069c3c801f450ed11cbc6a414.jpg,D:\billiards project\8-Ball Pool.v3i.yolov11\train\labels\70_png.rf.c11964e069c3c801f450ed11cbc6a414.txt,70_png.rf.c11964e069c3c801f450ed11cbc6a414.jpg,70_png.rf.c11964e069c3c801f450ed11cbc6a414.txt,cad7452ef9c5bec7577060d5ab21f8012a283ad293148996e6e459c60012f655,2597ac91998fc870aea0ac27740f865ca1f0a61ca93638b38398dec314b26cfd,86840ccc080c9286,0
71,visual-064,train,D:\billiards project\8-Ball Pool.v3i.yolov11\train\images\71_png.rf.d0fcba57880d4305e4d6881d171c6ad3.jpg,D:\billiards project\8-Ball Pool.v3i.yolov11\train\labels\71_png.rf.d0fcba57880d4305e4d6881d171c6ad3.txt,71_png.rf.d0fcba57880d4305e4d6881d171c6ad3.jpg,71_png.rf.d0fcba57880d4305e4d6881d171c6ad3.txt,246f0e2351b70ca8167b0648c7bbbd9393b98177ff4daefec8a27ebb973eed8b,df32bd3a96b7be86e290edc7f7d96c0c442ae75e2bf9cd8a6d797fabbea70acc,86924c58186dd686,0
72,visual-065,train,D:\billiards project\8-Ball Pool.v3i.yolov11\train\images\72_png.rf.d71504fccb884a26e91b51ad8efcd509.jpg,D:\billiards project\8-Ball Pool.v3i.yolov11\train\labels\72_png.rf.d71504fccb884a26e91b51ad8efcd509.txt,72_png.rf.d71504fccb884a26e91b51ad8efcd509.jpg,72_png.rf.d71504fccb884a26e91b51ad8efcd509.txt,61a1379ce89705443cd0fc684a8aca3fcf26d5210a8e7f477e022688beb1b44c,794b1aa58dabd82119087e722cafe41d14287c5d345b60800dc568bfc76308ff,d1cd8e169687ec68,0
73,visual-066,train,D:\billiards project\8-Ball Pool.v3i.yolov11\train\images\73_png.rf.16191fc07ebda5e8a83294c9c4fbd4bb.jpg,D:\billiards project\8-Ball Pool.v3i.yolov11\train\labels\73_png.rf.16191fc07ebda5e8a83294c9c4fbd4bb.txt,73_png.rf.16191fc07ebda5e8a83294c9c4fbd4bb.jpg,73_png.rf.16191fc07ebda5e8a83294c9c4fbd4bb.txt,c348eb89db97edb8646f70bd5512dced23e6250c58ba3711f737a6f1e6674150,c5d765148815e352c45c20d696d1003e6e11f6b80762565b32261d73ea49ae3c,d9cd8f17978fec60,0
74,visual-067,train,D:\billiards project\8-Ball Pool.v3i.yolov11\train\images\74_png.rf.d4457ce90ae63f42842e5cc1f35d9425.jpg,D:\billiards project\8-Ball Pool.v3i.yolov11\train\labels\74_png.rf.d4457ce90ae63f42842e5cc1f35d9425.txt,74_png.rf.d4457ce90ae63f42842e5cc1f35d9425.jpg,74_png.rf.d4457ce90ae63f42842e5cc1f35d9425.txt,fa0748475d9bf08106e53920fb94f327ddab49120fe94e2eeccf371ccdcb177f,9188fd2bbf7619c47ec09da837edbad4acbbcfc8abc51bfb67edd6fc0b48347d,80332b23231717e2,0
76,visual-068,train,D:\billiards project\8-Ball Pool.v3i.yolov11\train\images\76_png.rf.c2154cf087f65699b7b490adbae0b965.jpg,D:\billiards project\8-Ball Pool.v3i.yolov11\train\labels\76_png.rf.c2154cf087f65699b7b490adbae0b965.txt,76_png.rf.c2154cf087f65699b7b490adbae0b965.jpg,76_png.rf.c2154cf087f65699b7b490adbae0b965.txt,a38a57fb494a09c2f55f260552baf1d4cd4a3917ad1e78ec1d51ce61cbf82353,02edd269411c3d27200aa6cf069aa7fdfcf3556374dbaf54dec0520c8ad5257a,694d8f97978fee60,0
79,visual-071,train,D:\billiards project\8-Ball Pool.v3i.yolov11\train\images\79_png.rf.2789d3bf1e3be008d14e55f240bd3bc4.jpg,D:\billiards project\8-Ball Pool.v3i.yolov11\train\labels\79_png.rf.2789d3bf1e3be008d14e55f240bd3bc4.txt,79_png.rf.2789d3bf1e3be008d14e55f240bd3bc4.jpg,79_png.rf.2789d3bf1e3be008d14e55f240bd3bc4.txt,52b3b435631d3444c137b70ce2d46e570615acfff31f341c3a873de02b17fb4f,483c8620b6b221e5e5bd8aa7372e5059c816ba4e7f7236fb606b00dfb10467f5,d9cb8f0e9687ec60,0
80,visual-072,train,D:\billiards project\8-Ball Pool.v3i.yolov11\train\images\80_png.rf.6c9e5b41ab30f9b3891c82322220421c.jpg,D:\billiards project\8-Ball Pool.v3i.yolov11\train\labels\80_png.rf.6c9e5b41ab30f9b3891c82322220421c.txt,80_png.rf.6c9e5b41ab30f9b3891c82322220421c.jpg,80_png.rf.6c9e5b41ab30f9b3891c82322220421c.txt,1fa5d18b924894c2bbc8a26fa803d7c3999ded0c42e86f880037f7bce6ee3e0d,68f2db8bdefe86f1bdda5b8dedf28394a2801c0d27806a6b3fa63db926ec9c6c,c9c863030f6c6070,0
81,visual-073,train,D:\billiards project\8-Ball Pool.v3i.yolov11\train\images\81_png.rf.7783c33301fcb8871d6013ca6a4eb879.jpg,D:\billiards project\8-Ball Pool.v3i.yolov11\train\labels\81_png.rf.7783c33301fcb8871d6013ca6a4eb879.txt,81_png.rf.7783c33301fcb8871d6013ca6a4eb879.jpg,81_png.rf.7783c33301fcb8871d6013ca6a4eb879.txt,2a4421c8a1e3541ad266de821608671188024bac55cb1c5afdfd3811cc2c8324,dce5aac6f4d8c951ce918e554c65dfa64a6b6cb6461ae81b8823584b6e5a8ef6,f476e3030e6c6070,0
82,visual-074,train,D:\billiards project\8-Ball Pool.v3i.yolov11\train\images\82_png.rf.d084be48b241d855d5a48b16f9595b2a.jpg,D:\billiards project\8-Ball Pool.v3i.yolov11\train\labels\82_png.rf.d084be48b241d855d5a48b16f9595b2a.txt,82_png.rf.d084be48b241d855d5a48b16f9595b2a.jpg,82_png.rf.d084be48b241d855d5a48b16f9595b2a.txt,cbf4d457dedbe54d89311a0f4b111984aab2ffa44cf0bb2a366721525473427d,68b60d1ea0ffdf00e10e1c1f185a5778d172b9d7270df6576c9c51293c7ceb9e,f8f963030f6c6070,0
83,visual-075,train,D:\billiards project\8-Ball Pool.v3i.yolov11\train\images\83_png.rf.660e765884a44b4f58b54170810c4888.jpg,D:\billiards project\8-Ball Pool.v3i.yolov11\train\labels\83_png.rf.660e765884a44b4f58b54170810c4888.txt,83_png.rf.660e765884a44b4f58b54170810c4888.jpg,83_png.rf.660e765884a44b4f58b54170810c4888.txt,eed554ec88af03fbc1670b8394b0c7f0295bef7fb6896f4637d152edf5f2a504,fbc95b74998e3c370c55f243913c9a9a97d9b679afe25274caf04baaf155a351,ec6c63030f6c6070,0
86,visual-078,train,D:\billiards project\8-Ball Pool.v3i.yolov11\train\images\86_png.rf.ed680afb145347de62fa9e5dd2b90bbe.jpg,D:\billiards project\8-Ball Pool.v3i.yolov11\train\labels\86_png.rf.ed680afb145347de62fa9e5dd2b90bbe.txt,86_png.rf.ed680afb145347de62fa9e5dd2b90bbe.jpg,86_png.rf.ed680afb145347de62fa9e5dd2b90bbe.txt,6e9d2dbae7499f8471bf8b4cf5cdce433b5d1d19f55b6620d356f2e262a4dfa6,cded3d2e2fbad31cd5934dd267b0bedfec22cdfef03805bd14e0fc68b65b5911,b1781b3f87cfce68,0
87,visual-079,train,D:\billiards project\8-Ball Pool.v3i.yolov11\train\images\87_png.rf.15d2533afb10c3ae6488769488ecce3f.jpg,D:\billiards project\8-Ball Pool.v3i.yolov11\train\labels\87_png.rf.15d2533afb10c3ae6488769488ecce3f.txt,87_png.rf.15d2533afb10c3ae6488769488ecce3f.jpg,87_png.rf.15d2533afb10c3ae6488769488ecce3f.txt,de8a46dc4c440f3efe53b28f66fa97a193f19835731d1fb36f788eb644787bef,9ab18c41a1da45934d7211359ab6191d2f5460af9bba3db2e686f5dc4a903e11,636b36330f4fcce8,0
88,visual-080,train,D:\billiards project\8-Ball Pool.v3i.yolov11\train\images\88_png.rf.b58437827b6f9fab3cebf868795b9e21.jpg,D:\billiards project\8-Ball Pool.v3i.yolov11\train\labels\88_png.rf.b58437827b6f9fab3cebf868795b9e21.txt,88_png.rf.b58437827b6f9fab3cebf868795b9e21.jpg,88_png.rf.b58437827b6f9fab3cebf868795b9e21.txt,4404fd27f1c8794e112e5d9f8c8128b82d6ec61b50f06cca30a5a2523e894ea4,61e53e8a7fccb206a9b35250b99f21686af76ce401805693739d3e31011f7c33,5c5e9e8e0f2b727a,0
89,visual-081,train,D:\billiards project\8-Ball Pool.v3i.yolov11\train\images\89_png.rf.f6d530aecfb9a6a925bb6db4a606a529.jpg,D:\billiards project\8-Ball Pool.v3i.yolov11\train\labels\89_png.rf.f6d530aecfb9a6a925bb6db4a606a529.txt,89_png.rf.f6d530aecfb9a6a925bb6db4a606a529.jpg,89_png.rf.f6d530aecfb9a6a925bb6db4a606a529.txt,16ead810a153868ee234370299f0228e5a860f4c0f9ad66b9bdefce44880aab0,132f58463134ba22026b2b37908750587eb8119c44d4eacdefff32db008629c8,2a9771581f9fcec8,0
92,visual-084,train,D:\billiards project\8-Ball Pool.v3i.yolov11\train\images\92_png.rf.5436107fa80a186911267011f1bad05e.jpg,D:\billiards project\8-Ball Pool.v3i.yolov11\train\labels\92_png.rf.5436107fa80a186911267011f1bad05e.txt,92_png.rf.5436107fa80a186911267011f1bad05e.jpg,92_png.rf.5436107fa80a186911267011f1bad05e.txt,d8748fe5fb1510a8c8c44db5741b869e8985d3717cedd9bf46c3fc9c14c523e8,31fd41568bce89a9c532c847ec6d65977ed71c70b722f5eecd617dd22efc0222,d4540e1f1f4ddc1c,0
96,visual-084,train,D:\billiards project\8-Ball Pool.v3i.yolov11\train\images\96_png.rf.99112aad2385b754f6a041d89282c4f9.jpg,D:\billiards project\8-Ball Pool.v3i.yolov11\train\labels\96_png.rf.99112aad2385b754f6a041d89282c4f9.txt,96_png.rf.99112aad2385b754f6a041d89282c4f9.jpg,96_png.rf.99112aad2385b754f6a041d89282c4f9.txt,e0bba26b9c6d0af3ef2ecb814d66cf35c23c3859aa07202897d30e45f0604f48,c393149f8a8f3f4c51b79ac90d6056696446b7a9233a645a449505e557b57f81,d6540e1f0f4ddc1c,0
93,visual-085,train,D:\billiards project\8-Ball Pool.v3i.yolov11\train\images\93_png.rf.e4404052301ebc4f485e978401b476d2.jpg,D:\billiards project\8-Ball Pool.v3i.yolov11\train\labels\93_png.rf.e4404052301ebc4f485e978401b476d2.txt,93_png.rf.e4404052301ebc4f485e978401b476d2.jpg,93_png.rf.e4404052301ebc4f485e978401b476d2.txt,eb7f230a2d0c89bc4c22a93b731aa982a4dec94b938dfb61500caef61c6084e8,4eb04cc4d31cad807eeaa1e520ac3891021acab8326a7d352aa18a270aadf6ab,9ed6381c1f0fcef0,0
95,visual-087,train,D:\billiards project\8-Ball Pool.v3i.yolov11\train\images\95_png.rf.03182e61750c77320a1463bb756ed0cf.jpg,D:\billiards project\8-Ball Pool.v3i.yolov11\train\labels\95_png.rf.03182e61750c77320a1463bb756ed0cf.txt,95_png.rf.03182e61750c77320a1463bb756ed0cf.jpg,95_png.rf.03182e61750c77320a1463bb756ed0cf.txt,07cc2f8cddd239fa8b70ba1e1d72f515938765294fd68f00ad75da52c6c2b7bf,64b9a1559a851b07a9c34fefa3a74df89bb7d181d4a8ea01e25a0bb066297c8f,7070336b6b73531c,0
97,visual-088,train,D:\billiards project\8-Ball Pool.v3i.yolov11\train\images\97_png.rf.b1d56d5cdf3128d08eab5b4d6d269c17.jpg,D:\billiards project\8-Ball Pool.v3i.yolov11\train\labels\97_png.rf.b1d56d5cdf3128d08eab5b4d6d269c17.txt,97_png.rf.b1d56d5cdf3128d08eab5b4d6d269c17.jpg,97_png.rf.b1d56d5cdf3128d08eab5b4d6d269c17.txt,60749dbd4fa1ead9cb6b4af5def409d01ec0277777f42014df1ce57ca087bc8e,5b10ec3ceec82dbb2aef1ee15e41078b31573867cd1e7408585aa30513e93140,24250f87870e2a5b,0
98,visual-089,train,D:\billiards project\8-Ball Pool.v3i.yolov11\train\images\98_png.rf.68df6216acc2ca690c16e3f15e3969ac.jpg,D:\billiards project\8-Ball Pool.v3i.yolov11\train\labels\98_png.rf.68df6216acc2ca690c16e3f15e3969ac.txt,98_png.rf.68df6216acc2ca690c16e3f15e3969ac.jpg,98_png.rf.68df6216acc2ca690c16e3f15e3969ac.txt,90260797370a1ac393a63bff1af831854e543f7fb392e5d9a78b2ed1aec19a4d,fe10c42921901c3d51f0e6961d8191a1c621b3c8146457ff4f788ff504ce4a9a,26260b87070e2a3b,0
99,visual-090,train,D:\billiards project\8-Ball Pool.v3i.yolov11\train\images\99_png.rf.980b3b82bd6f61bc422a234a44e95383.jpg,D:\billiards project\8-Ball Pool.v3i.yolov11\train\labels\99_png.rf.980b3b82bd6f61bc422a234a44e95383.txt,99_png.rf.980b3b82bd6f61bc422a234a44e95383.jpg,99_png.rf.980b3b82bd6f61bc422a234a44e95383.txt,40b8104b45e4cd6af332205979e0ce45acf95ab81c3d4d083bb1a303c66a6d26,e778471a66cc29780ed3840e9bfdf4c45326f41838b84f3665f30926d4e05edc,4cf8b3436b73931c,0
101,visual-092,train,D:\billiards project\8-Ball Pool.v3i.yolov11\train\images\101_png.rf.ae5f060fc5ed9e0adfaf2ffa7d786c67.jpg,D:\billiards project\8-Ball Pool.v3i.yolov11\train\labels\101_png.rf.ae5f060fc5ed9e0adfaf2ffa7d786c67.txt,101_png.rf.ae5f060fc5ed9e0adfaf2ffa7d786c67.jpg,101_png.rf.ae5f060fc5ed9e0adfaf2ffa7d786c67.txt,c1719b7a158d91dad76386143a8ebe34c4229094b2add74c6278186b7fbfd5aa,e74ea2d14591666c35278fd6a8bdb4b4585702398c2897f739beaa35d40920f7,d8e607070686c4d0,0
102,visual-093,train,D:\billiards project\8-Ball Pool.v3i.yolov11\train\images\102_png.rf.e106f609270b206b301a09b5c5473e95.jpg,D:\billiards project\8-Ball Pool.v3i.yolov11\train\labels\102_png.rf.e106f609270b206b301a09b5c5473e95.txt,102_png.rf.e106f609270b206b301a09b5c5473e95.jpg,102_png.rf.e106f609270b206b301a09b5c5473e95.txt,32a6ca665763fcabc73cf519f323bfb2b5ae9b0121fcbca9c128fe7204df4dd6,93edafaac3532ed15603f94fbe3d39092d209be827db81dceb01f7401164b575,b82607071686c4d0,0
103,visual-094,train,D:\billiards project\8-Ball Pool.v3i.yolov11\train\images\103_png.rf.8837c4ba6e91c59a634fc8cd30cd204b.jpg,D:\billiards project\8-Ball Pool.v3i.yolov11\train\labels\103_png.rf.8837c4ba6e91c59a634fc8cd30cd204b.txt,103_png.rf.8837c4ba6e91c59a634fc8cd30cd204b.jpg,103_png.rf.8837c4ba6e91c59a634fc8cd30cd204b.txt,810f7a1a714a8b0f93ddcb5b36c777513cb03e9b601bad21652f125565997e21,b9e4bf08e6ffdbb0d691f6392892c24967ba0ece61946a7ab575d19de3d5c423,686687070686c4d0,0
104,visual-095,train,D:\billiards project\8-Ball Pool.v3i.yolov11\train\images\104_png.rf.759632d10d5cf129aab09f0968304a4e.jpg,D:\billiards project\8-Ball Pool.v3i.yolov11\train\labels\104_png.rf.759632d10d5cf129aab09f0968304a4e.txt,104_png.rf.759632d10d5cf129aab09f0968304a4e.jpg,104_png.rf.759632d10d5cf129aab09f0968304a4e.txt,58412b1ff725b352258d3373154e5c37771b157a8cbffc1c83eae83ad885a138,01f9f51a12d274a313541d90f34b312bb4cfdf0f47532d3d3e6b4cab50482af9,8013232723230f60,0
105,visual-096,train,D:\billiards project\8-Ball Pool.v3i.yolov11\train\images\105_png.rf.ea359f2dfa667da92e30a8ceeefe7e62.jpg,D:\billiards project\8-Ball Pool.v3i.yolov11\train\labels\105_png.rf.ea359f2dfa667da92e30a8ceeefe7e62.txt,105_png.rf.ea359f2dfa667da92e30a8ceeefe7e62.jpg,105_png.rf.ea359f2dfa667da92e30a8ceeefe7e62.txt,4155bab42e847ec6035e6537c5975182cabfe1952936ac39d3c2f4aa6518da00,bb65cfa94e7f82e3f769dd6dc84bbee7aec09a66db8f59b645e89d9c17c02f75,a68e17971f13cccc,0
106,visual-097,train,D:\billiards project\8-Ball Pool.v3i.yolov11\train\images\106_png.rf.28ee53acf89d9e7f17b2fb26185597a0.jpg,D:\billiards project\8-Ball Pool.v3i.yolov11\train\labels\106_png.rf.28ee53acf89d9e7f17b2fb26185597a0.txt,106_png.rf.28ee53acf89d9e7f17b2fb26185597a0.jpg,106_png.rf.28ee53acf89d9e7f17b2fb26185597a0.txt,e664ac474d0f3767e869ce0bee6a74650e3e2cd89a79754de4b3821374e3a988,70ad64a01d325480505894aeb50de5f02646044120f59e301c5ea7c7cc87f5a8,a58f1f971717cccc,0
107,visual-097,train,D:\billiards project\8-Ball Pool.v3i.yolov11\train\images\107_png.rf.f31cf99275d8de0c817398bad1fbb98c.jpg,D:\billiards project\8-Ball Pool.v3i.yolov11\train\labels\107_png.rf.f31cf99275d8de0c817398bad1fbb98c.txt,107_png.rf.f31cf99275d8de0c817398bad1fbb98c.jpg,107_png.rf.f31cf99275d8de0c817398bad1fbb98c.txt,501a0521f7ffadd17aaf3beab92c92d038b2b5eca81040fb56922db288cc3399,3aacaa81398e491cefc990c0c7a6c56727ff71e30da5cdec60840135870fdb43,a48d1f971717cccc,0
120,visual-097,train,D:\billiards project\8-Ball Pool.v3i.yolov11\train\images\120_png.rf.ad88298a705a565adab2f06fe083c434.jpg,D:\billiards project\8-Ball Pool.v3i.yolov11\train\labels\120_png.rf.ad88298a705a565adab2f06fe083c434.txt,120_png.rf.ad88298a705a565adab2f06fe083c434.jpg,120_png.rf.ad88298a705a565adab2f06fe083c434.txt,ff8da0164b6b66bfd9e953ba277fcd425d503eff0e0441d5d3d529d6a633519c,1cc89ebb2ad7e3fbd3c3057c467e8a7ed885908214639757459c94fba3bcb766,a58f17971713cccc,0
109,visual-099,train,D:\billiards project\8-Ball Pool.v3i.yolov11\train\images\109_png.rf.0d8042ff3ef7a93feb5a18be8a42ca80.jpg,D:\billiards project\8-Ball Pool.v3i.yolov11\train\labels\109_png.rf.0d8042ff3ef7a93feb5a18be8a42ca80.txt,109_png.rf.0d8042ff3ef7a93feb5a18be8a42ca80.jpg,109_png.rf.0d8042ff3ef7a93feb5a18be8a42ca80.txt,d702ab39a2d0b7fd8636497090d8b7bf6ce3ec82ee7ceb6fd177f5e9538cb7b0,7c18b09fe08cd49001cca69ef9c27f457c91bd95c3a7d6057aa7d1a9605a2f49,b49717971713cccc,0
110,visual-100,train,D:\billiards project\8-Ball Pool.v3i.yolov11\train\images\110_png.rf.9a38b6057e543f83b58aa59b9748688b.jpg,D:\billiards project\8-Ball Pool.v3i.yolov11\train\labels\110_png.rf.9a38b6057e543f83b58aa59b9748688b.txt,110_png.rf.9a38b6057e543f83b58aa59b9748688b.jpg,110_png.rf.9a38b6057e543f83b58aa59b9748688b.txt,51b6c0fadbaaafd15e21cf938a61eae771f4441d4c072e797bc892c8b97bdd5c,cace25aca478d61ed22c71074775aac5a276db1b71a189c6b68a20b141032454,a48f97971313cccc,0
111,visual-101,train,D:\billiards project\8-Ball Pool.v3i.yolov11\train\images\111_png.rf.573bdb8149674c4469ce560c651c6a48.jpg,D:\billiards project\8-Ball Pool.v3i.yolov11\train\labels\111_png.rf.573bdb8149674c4469ce560c651c6a48.txt,111_png.rf.573bdb8149674c4469ce560c651c6a48.jpg,111_png.rf.573bdb8149674c4469ce560c651c6a48.txt,828c0b89e223e1425900cd743c04f6adeea59776f3b6a5af42daf73531681b16,d1332f3ebd6649842f395007b5956c9600e6ac29529a08caadbbf9e58b3fbf41,19397c1f1f9fd6e4,0
112,visual-102,train,D:\billiards project\8-Ball Pool.v3i.yolov11\train\images\112_png.rf.9b08015f172aafbe456ed9d92cca77fe.jpg,D:\billiards project\8-Ball Pool.v3i.yolov11\train\labels\112_png.rf.9b08015f172aafbe456ed9d92cca77fe.txt,112_png.rf.9b08015f172aafbe456ed9d92cca77fe.jpg,112_png.rf.9b08015f172aafbe456ed9d92cca77fe.txt,1ff76f5dc26137b8e582e98736797259232a41d044968af8197ea12e2a12d98e,8ee0fd34bf47f2beca433745f90ce680f2537748ae246ae53cd4049b5f2048d6,8013233323231fe0,0
114,visual-104,train,D:\billiards project\8-Ball Pool.v3i.yolov11\train\images\114_png.rf.98b2144c25b9f48816abd7edb00f365c.jpg,D:\billiards project\8-Ball Pool.v3i.yolov11\train\labels\114_png.rf.98b2144c25b9f48816abd7edb00f365c.txt,114_png.rf.98b2144c25b9f48816abd7edb00f365c.jpg,114_png.rf.98b2144c25b9f48816abd7edb00f365c.txt,804bb4ebcbab984066eb213683cc669edb856281c6659d5770f9c73432e12f9a,dd44b182f8989010b5edbc2c62242f3841ce95d894496369cfab3661afb381d5,a4871f1f1713cccc,0
116,visual-106,train,D:\billiards project\8-Ball Pool.v3i.yolov11\train\images\116_png.rf.d62651a8a8690338109c790bb5e036bd.jpg,D:\billiards project\8-Ball Pool.v3i.yolov11\train\labels\116_png.rf.d62651a8a8690338109c790bb5e036bd.txt,116_png.rf.d62651a8a8690338109c790bb5e036bd.jpg,116_png.rf.d62651a8a8690338109c790bb5e036bd.txt,f0df5a56c317c794788ae87fc2947089c3df279cb4fa382b0cc8b3d8d7dca636,b785ced014ca3b9edef788d0e14f4e0a9482517d41ebbbdb0b523eeabe4daa14,a5a717971613cccc,0
118,visual-108,train,D:\billiards project\8-Ball Pool.v3i.yolov11\train\images\118_png.rf.3e82e1f3d657302b61a62c113271b753.jpg,D:\billiards project\8-Ball Pool.v3i.yolov11\train\labels\118_png.rf.3e82e1f3d657302b61a62c113271b753.txt,118_png.rf.3e82e1f3d657302b61a62c113271b753.jpg,118_png.rf.3e82e1f3d657302b61a62c113271b753.txt,0c1cd217ad87ec171bf0d426a85f3e0776d909d3928584562fa9ccfb434d1d78,8f7c97db3e43c983ed932f96926f8139c5372550d478e2f80ffbc092fa9f8f45,66e5f8381f8fc4f0,0
119,visual-109,train,D:\billiards project\8-Ball Pool.v3i.yolov11\train\images\119_png.rf.eff91a09289a82f634d7b231b06dbbdd.jpg,D:\billiards project\8-Ball Pool.v3i.yolov11\train\labels\119_png.rf.eff91a09289a82f634d7b231b06dbbdd.txt,119_png.rf.eff91a09289a82f634d7b231b06dbbdd.jpg,119_png.rf.eff91a09289a82f634d7b231b06dbbdd.txt,7381c8948b0d66054ea61d34bc58f0b8b9f1842b3e5ada7fe89fa890e9747b30,9bb04683f93d88fb9cb1efc648b38f6d6e44766e8f313489dc27a66f1578c8cd,a4871797061bcccc,0
121,visual-110,train,D:\billiards project\8-Ball Pool.v3i.yolov11\train\images\121_png.rf.782a44b8496f239b5f996a6ed498e63a.jpg,D:\billiards project\8-Ball Pool.v3i.yolov11\train\labels\121_png.rf.782a44b8496f239b5f996a6ed498e63a.txt,121_png.rf.782a44b8496f239b5f996a6ed498e63a.jpg,121_png.rf.782a44b8496f239b5f996a6ed498e63a.txt,746314e5c0c72319ad5b4588dde49921676e67f29bc94651639fd4575c130633,24acb4618ae08dcb9d0ae3d62c239680f90a3ae4b31a6015370da795f20ba311,252717970617cccc,0
122,visual-111,train,D:\billiards project\8-Ball Pool.v3i.yolov11\train\images\122_png.rf.7df85841dad9a1f2d79c7f510f562052.jpg,D:\billiards project\8-Ball Pool.v3i.yolov11\train\labels\122_png.rf.7df85841dad9a1f2d79c7f510f562052.txt,122_png.rf.7df85841dad9a1f2d79c7f510f562052.jpg,122_png.rf.7df85841dad9a1f2d79c7f510f562052.txt,66c92e2482fd4def184ef2b3552f1e39f4a5fe89b8a97a10651af5d8b767d2f6,5ca61890d231a7543b9fa4814668fbaf6e6575b553b1664334a22a17cb47d66e,e8e81f3f0b87c4e0,0
123,visual-112,train,D:\billiards project\8-Ball Pool.v3i.yolov11\train\images\123_png.rf.c77820fd3abbca5d6265af63564f9564.jpg,D:\billiards project\8-Ball Pool.v3i.yolov11\train\labels\123_png.rf.c77820fd3abbca5d6265af63564f9564.txt,123_png.rf.c77820fd3abbca5d6265af63564f9564.jpg,123_png.rf.c77820fd3abbca5d6265af63564f9564.txt,2c7b4e8dd224765c6920429df0758e9bf869b4a5f0593a3d2cf69fa9133d579e,d15d4160f6bba0f74601436516094f06e66f975b66ad2468970c1727cde9d16a,2d8f17970617cccc,0
124,visual-113,train,D:\billiards project\8-Ball Pool.v3i.yolov11\train\images\124_png.rf.1c7ed97791213cc079fccc558f1ad959.jpg,D:\billiards project\8-Ball Pool.v3i.yolov11\train\labels\124_png.rf.1c7ed97791213cc079fccc558f1ad959.txt,124_png.rf.1c7ed97791213cc079fccc558f1ad959.jpg,124_png.rf.1c7ed97791213cc079fccc558f1ad959.txt,0e1c6f64381303bd992c565913c72a402d0a93110d94c6a0205a9a84093ecc72,1fa1285ad833d9be13dcdd59aa514611a5ec8e0927e9be5a55b8ea89245a3707,c0133b2723130f60,0
125,visual-114,train,D:\billiards project\8-Ball Pool.v3i.yolov11\train\images\125_png.rf.746e605d23baaa43560542b8554b714c.jpg,D:\billiards project\8-Ball Pool.v3i.yolov11\train\labels\125_png.rf.746e605d23baaa43560542b8554b714c.txt,125_png.rf.746e605d23baaa43560542b8554b714c.jpg,125_png.rf.746e605d23baaa43560542b8554b714c.txt,44034eec724803d6f49bc49a29790c1c798a02e30f569482cc87cc44141c1a16,7f84832f364d15a9d3d311663a951f9c13df17c381ab51dcfa2c6e5656eedc38,80133b27233b1760,0
126,visual-115,train,D:\billiards project\8-Ball Pool.v3i.yolov11\train\images\126_png.rf.e6e489914c00e5b8f70f174d0e305e25.jpg,D:\billiards project\8-Ball Pool.v3i.yolov11\train\labels\126_png.rf.e6e489914c00e5b8f70f174d0e305e25.txt,126_png.rf.e6e489914c00e5b8f70f174d0e305e25.jpg,126_png.rf.e6e489914c00e5b8f70f174d0e305e25.txt,34c29bdaa518637dd4c7818af60993fae7517f8d10858a2bde4ed0d934b82b95,8b8a4c82a1c0dabcb4887a56e990242816ac6036f596613267b55994bb3c6729,24171f971617cccc,0
127,visual-116,train,D:\billiards project\8-Ball Pool.v3i.yolov11\train\images\127_png.rf.9f6501b0ba0e856cf6dd9e59f65ce574.jpg,D:\billiards project\8-Ball Pool.v3i.yolov11\train\labels\127_png.rf.9f6501b0ba0e856cf6dd9e59f65ce574.txt,127_png.rf.9f6501b0ba0e856cf6dd9e59f65ce574.jpg,127_png.rf.9f6501b0ba0e856cf6dd9e59f65ce574.txt,42cc8ec916a4a7e07331080834ee7fdad699bb6d9c0623a5fdf96ce407bcf3cb,0ba79f60e2283a3c84b5db5509204958c8ecd0fe5be9cf6c1174ea14e4ed2c7d,80132b2f0b235760,0
128,visual-117,train,D:\billiards project\8-Ball Pool.v3i.yolov11\train\images\128_png.rf.536c0efc16ea6cf15f4f2a6f280450cf.jpg,D:\billiards project\8-Ball Pool.v3i.yolov11\train\labels\128_png.rf.536c0efc16ea6cf15f4f2a6f280450cf.txt,128_png.rf.536c0efc16ea6cf15f4f2a6f280450cf.jpg,128_png.rf.536c0efc16ea6cf15f4f2a6f280450cf.txt,8fd5d5f47134febc9388dfa2afe3c7907743686028c9c5d1200f8ee70fb40838,3ee11260ab7a4b491c19483f404b8fd63be334906aca483531b638ed6f1d27d4,341717970617cccc,0
130,visual-119,train,D:\billiards project\8-Ball Pool.v3i.yolov11\train\images\130_png.rf.21f92398160a76a64b948884e4c8103c.jpg,D:\billiards project\8-Ball Pool.v3i.yolov11\train\labels\130_png.rf.21f92398160a76a64b948884e4c8103c.txt,130_png.rf.21f92398160a76a64b948884e4c8103c.jpg,130_png.rf.21f92398160a76a64b948884e4c8103c.txt,224c7a610172236b8ffde132f7c198735e2516b60809bca1b96c1cf8020e514e,9447b35a0a65af6f83f89fcf50775a42dd56c777af8f94b5dbb04a6d08815a96,291b17970617cccc,0
131,visual-120,train,D:\billiards project\8-Ball Pool.v3i.yolov11\train\images\131_png.rf.593310c39f8835ed0786033b6690de45.jpg,D:\billiards project\8-Ball Pool.v3i.yolov11\train\labels\131_png.rf.593310c39f8835ed0786033b6690de45.txt,131_png.rf.593310c39f8835ed0786033b6690de45.jpg,131_png.rf.593310c39f8835ed0786033b6690de45.txt,4f590f861da8faf506810cdd4e05ebabdd36a0a509328acdb32f56a28593e1a5,d81bcbff33081b6089d02dbf7bd9d7243360ad3c24b75b444bbe2f0c6bf85c51,8013332f2b331760,0
134,visual-120,train,D:\billiards project\8-Ball Pool.v3i.yolov11\train\images\134_png.rf.eafc70891a991c969df70bd817a63375.jpg,D:\billiards project\8-Ball Pool.v3i.yolov11\train\labels\134_png.rf.eafc70891a991c969df70bd817a63375.txt,134_png.rf.eafc70891a991c969df70bd817a63375.jpg,134_png.rf.eafc70891a991c969df70bd817a63375.txt,4a8daf0d4659024bfe645083bbe4257e0f28b241cc05920572bfb41031a65591,aff34aaa16ceec29c46511c75df11eedb124f5a6764ff9451aed856b6c950436,8013332b233317e0,0
150,visual-120,train,D:\billiards project\8-Ball Pool.v3i.yolov11\train\images\150_png.rf.d73327d3ac59114d003f79ec28e80c36.jpg,D:\billiards project\8-Ball Pool.v3i.yolov11\train\labels\150_png.rf.d73327d3ac59114d003f79ec28e80c36.txt,150_png.rf.d73327d3ac59114d003f79ec28e80c36.jpg,150_png.rf.d73327d3ac59114d003f79ec28e80c36.txt,4a2ac2aff2373ef826dc6fde15ce9830fd15592d002ef4498fb08d7b5f71d70a,186670fbf6dae7b2a42860eaef028fc0226551bb86c89d46f32a7463019350ab,8013332f27331760,0
153,visual-120,train,D:\billiards project\8-Ball Pool.v3i.yolov11\train\images\153_png.rf.6e13f8c07bec12bd7e4094e6179bd363.jpg,D:\billiards project\8-Ball Pool.v3i.yolov11\train\labels\153_png.rf.6e13f8c07bec12bd7e4094e6179bd363.txt,153_png.rf.6e13f8c07bec12bd7e4094e6179bd363.jpg,153_png.rf.6e13f8c07bec12bd7e4094e6179bd363.txt,f8d337c40e5fc72f3342de1f2b79aae50a22db856c9dd0d849f0fc3638ce303d,2b97f79c5cecab94eb53071f94977fee35441a0f4d833d5fe318fc8091535a8f,8013332b23331760,0
132,visual-121,train,D:\billiards project\8-Ball Pool.v3i.yolov11\train\images\132_png.rf.071b2e2111df71728a6b770afd959117.jpg,D:\billiards project\8-Ball Pool.v3i.yolov11\train\labels\132_png.rf.071b2e2111df71728a6b770afd959117.txt,132_png.rf.071b2e2111df71728a6b770afd959117.jpg,132_png.rf.071b2e2111df71728a6b770afd959117.txt,e505e959f549fee81c4a1347f5f782570f3fc290699dcf1df13dcf72e426d758,634e09075f6196b76e9b41b2bc2496025399f992ceaa6b2daf07fbb1aad77200,2d0f17971717cccc,0
135,visual-121,train,D:\billiards project\8-Ball Pool.v3i.yolov11\train\images\135_png.rf.8a27e2add3109c3d2fc762fd95669219.jpg,D:\billiards project\8-Ball Pool.v3i.yolov11\train\labels\135_png.rf.8a27e2add3109c3d2fc762fd95669219.txt,135_png.rf.8a27e2add3109c3d2fc762fd95669219.jpg,135_png.rf.8a27e2add3109c3d2fc762fd95669219.txt,1994ae4ba0d8db16b3c2b34ba1d19bd9b83f37f226e4a8ca6897be360f7f0a64,39d56d113239787ff60ff96b56c73e1cb972e21ddf31515f79715c3b78c6bdde,2d0f178717174ccc,0
140,visual-121,train,D:\billiards project\8-Ball Pool.v3i.yolov11\train\images\140_png.rf.6645e10bad5cf3f197b71ddb6b34e6b4.jpg,D:\billiards project\8-Ball Pool.v3i.yolov11\train\labels\140_png.rf.6645e10bad5cf3f197b71ddb6b34e6b4.txt,140_png.rf.6645e10bad5cf3f197b71ddb6b34e6b4.jpg,140_png.rf.6645e10bad5cf3f197b71ddb6b34e6b4.txt,11878902dbdfbaabf7a9d8af7b7bd9aa52d924cd779e938a6b73cf1ba51564c4,ff7d5b3713123624b71336275dd5859f2588b7480399fc2c6415a35a93d58d94,2d0717971717cccc,0
133,visual-122,train,D:\billiards project\8-Ball Pool.v3i.yolov11\train\images\133_png.rf.a4164ecd79cdd480304adcf094cd17e3.jpg,D:\billiards project\8-Ball Pool.v3i.yolov11\train\labels\133_png.rf.a4164ecd79cdd480304adcf094cd17e3.txt,133_png.rf.a4164ecd79cdd480304adcf094cd17e3.jpg,133_png.rf.a4164ecd79cdd480304adcf094cd17e3.txt,073b2ce25c45df85e3927ede2971e2623ac34163240eff16fbd169d0ce3a734d,3e59f0026d2dd4fa2a6554e650d51f77905a9b26df824354e71713f52689cef3,2e0e16860613cccc,0
136,visual-123,train,D:\billiards project\8-Ball Pool.v3i.yolov11\train\images\136_png.rf.e99c3dfd6e84ce294cdabc3bb5ee8a75.jpg,D:\billiards project\8-Ball Pool.v3i.yolov11\train\labels\136_png.rf.e99c3dfd6e84ce294cdabc3bb5ee8a75.txt,136_png.rf.e99c3dfd6e84ce294cdabc3bb5ee8a75.jpg,136_png.rf.e99c3dfd6e84ce294cdabc3bb5ee8a75.txt,e884c8ecc355fd963f0e26dba4f431b12900df99273757a182204c2f389835a6,3cec2bfdb5719471dfaebb678b0ad4ff0b85330e5abce576e14057da613751f9,80133f2313330f60,0
137,visual-124,train,D:\billiards project\8-Ball Pool.v3i.yolov11\train\images\137_png.rf.bbe9edbb99cbe83b2d718df3122d9344.jpg,D:\billiards project\8-Ball Pool.v3i.yolov11\train\labels\137_png.rf.bbe9edbb99cbe83b2d718df3122d9344.txt,137_png.rf.bbe9edbb99cbe83b2d718df3122d9344.jpg,137_png.rf.bbe9edbb99cbe83b2d718df3122d9344.txt,86df1a2cdea68b8da740b7f26d3e8ec7ad3947f551405f1c1223df514d759663,f9834be0bad2c8f39ecf3b079066214c7aaa95137bdad9efe493becaeee7b34d,80132f2733331760,0
138,visual-125,train,D:\billiards project\8-Ball Pool.v3i.yolov11\train\images\138_png.rf.8f90a2d90a20d34006c446dc14a852c0.jpg,D:\billiards project\8-Ball Pool.v3i.yolov11\train\labels\138_png.rf.8f90a2d90a20d34006c446dc14a852c0.txt,138_png.rf.8f90a2d90a20d34006c446dc14a852c0.jpg,138_png.rf.8f90a2d90a20d34006c446dc14a852c0.txt,90ccac7531cc6d36713ca59b66694ef5ae2c49c8fbe53713cc8c4750ef35c459,049a7ecdd81e02dcf970b89fcea8589e887b8f627c120b7727b1b849ed9ecee1,90133f2733331720,0
139,visual-126,train,D:\billiards project\8-Ball Pool.v3i.yolov11\train\images\139_png.rf.3b1d0480bfeb169028854cb472ea5f25.jpg,D:\billiards project\8-Ball Pool.v3i.yolov11\train\labels\139_png.rf.3b1d0480bfeb169028854cb472ea5f25.txt,139_png.rf.3b1d0480bfeb169028854cb472ea5f25.jpg,139_png.rf.3b1d0480bfeb169028854cb472ea5f25.txt,ae3fca9f9db03cfc83c5eaa25fc620c03060fd9f247d0e446ab40c89d54f76a4,e9977456bbdf519352685c56420ea46349e90b41cd533d8402d6b46f466d5bc3,71f8be3f9f8fcee8,0
141,visual-127,train,D:\billiards project\8-Ball Pool.v3i.yolov11\train\images\141_png.rf.29f059d54b07ead4d4680ae0a8a66ec4.jpg,D:\billiards project\8-Ball Pool.v3i.yolov11\train\labels\141_png.rf.29f059d54b07ead4d4680ae0a8a66ec4.txt,141_png.rf.29f059d54b07ead4d4680ae0a8a66ec4.jpg,141_png.rf.29f059d54b07ead4d4680ae0a8a66ec4.txt,de13fbf58060d47e780c2629106b0e2d6657d72fc21e82bdb1564d19345f5b81,f6468993535788a9e6155e9c547a54bc2c4f3b58357f89d18a7ff955761316de,682463f81ec6e4f0,0
143,visual-129,train,D:\billiards project\8-Ball Pool.v3i.yolov11\train\images\143_png.rf.4ddb999b17c98b304ca30654dfd0b01c.jpg,D:\billiards project\8-Ball Pool.v3i.yolov11\train\labels\143_png.rf.4ddb999b17c98b304ca30654dfd0b01c.txt,143_png.rf.4ddb999b17c98b304ca30654dfd0b01c.jpg,143_png.rf.4ddb999b17c98b304ca30654dfd0b01c.txt,a890fffbe4d74976d1987efd1cc1b2a15802842d0b3d3c18ccf98826b869fcd6,2dfab71d5cfdb250b60d5fc4aac91c2ea28551e7806462b97781717bcfb03441,8013330f13231720,0
144,visual-129,train,D:\billiards project\8-Ball Pool.v3i.yolov11\train\images\144_png.rf.5c3890791bfecba0869eafb73fa3a4f5.jpg,D:\billiards project\8-Ball Pool.v3i.yolov11\train\labels\144_png.rf.5c3890791bfecba0869eafb73fa3a4f5.txt,144_png.rf.5c3890791bfecba0869eafb73fa3a4f5.jpg,144_png.rf.5c3890791bfecba0869eafb73fa3a4f5.txt,0abf435a381e191da38088402cd4ccda365a3af1eafb3c39b04a460bffba5104,1e5320e8e393e48595105af06121b36511afab67572601889cdb58db7de08ad6,8013330f13231760,0
145,visual-130,train,D:\billiards project\8-Ball Pool.v3i.yolov11\train\images\145_png.rf.223f80e4aff2b64f2711cd186532e118.jpg,D:\billiards project\8-Ball Pool.v3i.yolov11\train\labels\145_png.rf.223f80e4aff2b64f2711cd186532e118.txt,145_png.rf.223f80e4aff2b64f2711cd186532e118.jpg,145_png.rf.223f80e4aff2b64f2711cd186532e118.txt,d7483224fd17a7e44fa7403ed476c7c08800828a193e35037ce46c8fd819f022,33ce2963234e4acd5d3d9da75c7a371a72b3522de45622461780a513000aa0b1,2d0f17971627cccc,0
146,visual-130,train,D:\billiards project\8-Ball Pool.v3i.yolov11\train\images\146_png.rf.8c716f42d6929f1b4c27cbfde0544e05.jpg,D:\billiards project\8-Ball Pool.v3i.yolov11\train\labels\146_png.rf.8c716f42d6929f1b4c27cbfde0544e05.txt,146_png.rf.8c716f42d6929f1b4c27cbfde0544e05.jpg,146_png.rf.8c716f42d6929f1b4c27cbfde0544e05.txt,a6493c75f7355588aa376cebce06d1c8aaf3ff105ba6d22b9b0a4e535d799776,af9a455d52631746cc1ea9639d23d97523cb43673a7d013f7cca81cd6dafd0b9,0d0f979f1627cccc,0
149,visual-130,train,D:\billiards project\8-Ball Pool.v3i.yolov11\train\images\149_png.rf.9aba27d537b76bf911a1f4553acc6bc1.jpg,D:\billiards project\8-Ball Pool.v3i.yolov11\train\labels\149_png.rf.9aba27d537b76bf911a1f4553acc6bc1.txt,149_png.rf.9aba27d537b76bf911a1f4553acc6bc1.jpg,149_png.rf.9aba27d537b76bf911a1f4553acc6bc1.txt,3cbdeae1cc31de36b7e68d1805eb6e1e533e22e596f39b549e7cb70d855550c7,89812f7807b08a5635fdaf04f490a285da1ddc3468fa606c78fb330e496d7c81,2d0f179f1627cccc,0
148,visual-132,train,D:\billiards project\8-Ball Pool.v3i.yolov11\train\images\148_png.rf.ce6399c2c651b1e0c1ccbe0ed06b1038.jpg,D:\billiards project\8-Ball Pool.v3i.yolov11\train\labels\148_png.rf.ce6399c2c651b1e0c1ccbe0ed06b1038.txt,148_png.rf.ce6399c2c651b1e0c1ccbe0ed06b1038.jpg,148_png.rf.ce6399c2c651b1e0c1ccbe0ed06b1038.txt,deda942e1f1a301732774175c5d45390d9eba9070623777e9c91b24404a7e435,ab214fa91d6269507cf0536e0ddba3236055556b03d230b3413fe4560bba9775,63f9f83f178fcce8,0
151,visual-133,train,D:\billiards project\8-Ball Pool.v3i.yolov11\train\images\151_png.rf.dded9697689a87303c84573468e354a9.jpg,D:\billiards project\8-Ball Pool.v3i.yolov11\train\labels\151_png.rf.dded9697689a87303c84573468e354a9.txt,151_png.rf.dded9697689a87303c84573468e354a9.jpg,151_png.rf.dded9697689a87303c84573468e354a9.txt,8e5af14e3491da5f51b213f215308a7e7e5cf87c3cd47a3ccb58b9ebff6099e8,4038d087ea13773975d7d555bbc4e80f3fcf825bc7a8afd08a1b6a21a56ab074,9c9c9f2f0f8fd9f3,0
152,visual-134,train,D:\billiards project\8-Ball Pool.v3i.yolov11\train\images\152_png.rf.278ae564b1c981f43016889a9c3240e6.jpg,D:\billiards project\8-Ball Pool.v3i.yolov11\train\labels\152_png.rf.278ae564b1c981f43016889a9c3240e6.txt,152_png.rf.278ae564b1c981f43016889a9c3240e6.jpg,152_png.rf.278ae564b1c981f43016889a9c3240e6.txt,8019c7ce24de3986ed6c100c5f85b3209b32fb609c400c50ae7c1593bc47cd83,9ba269d04005006f031bb03a532ba608ec8ab2e3b5fcdde336c5be45e71abcdd,250717871e13cccc,0
154,visual-135,train,D:\billiards project\8-Ball Pool.v3i.yolov11\train\images\154_png.rf.9667f3add0f6a1d344745423a5d13882.jpg,D:\billiards project\8-Ball Pool.v3i.yolov11\train\labels\154_png.rf.9667f3add0f6a1d344745423a5d13882.txt,154_png.rf.9667f3add0f6a1d344745423a5d13882.jpg,154_png.rf.9667f3add0f6a1d344745423a5d13882.txt,c49f4d8a877c634c68e20f0a3b00a279e95143a20be9c1ef7ba225a6eb774489,44e0de2c8e037ee5d61ca4234f87b3c219171fc277947056c014fe52256fd8b8,943575fc1f8fceca,0
155,visual-136,train,D:\billiards project\8-Ball Pool.v3i.yolov11\train\images\155_png.rf.f3ae78698646b2d6f43fe88d2d1752f4.jpg,D:\billiards project\8-Ball Pool.v3i.yolov11\train\labels\155_png.rf.f3ae78698646b2d6f43fe88d2d1752f4.txt,155_png.rf.f3ae78698646b2d6f43fe88d2d1752f4.jpg,155_png.rf.f3ae78698646b2d6f43fe88d2d1752f4.txt,b74710f19847979a3209b7f5ced440e3c36200466939dfb09b877993608dcbd0,82e38783ffd48354d794afb2ca840a98ebf78d3c2c0ca0927dd449c428c553df,2d0f17970a33cccc,0
157,visual-138,train,D:\billiards project\8-Ball Pool.v3i.yolov11\train\images\157_png.rf.27c930f4a54872dbae1acb7faf69b5af.jpg,D:\billiards project\8-Ball Pool.v3i.yolov11\train\labels\157_png.rf.27c930f4a54872dbae1acb7faf69b5af.txt,157_png.rf.27c930f4a54872dbae1acb7faf69b5af.jpg,157_png.rf.27c930f4a54872dbae1acb7faf69b5af.txt,084f90d280b619e66340ef38d567775bb9392c91c9b8460e1504f382dd067651,c24aa908aa559c6d7c016c407e8ced8b0e17feb6ea82c579e84811a9e39cb9e2,c013332b272b1760,0
159,visual-140,train,D:\billiards project\8-Ball Pool.v3i.yolov11\train\images\159_png.rf.301cd8292389a32360fcde7abf681cfe.jpg,D:\billiards project\8-Ball Pool.v3i.yolov11\train\labels\159_png.rf.301cd8292389a32360fcde7abf681cfe.txt,159_png.rf.301cd8292389a32360fcde7abf681cfe.jpg,159_png.rf.301cd8292389a32360fcde7abf681cfe.txt,db183f110488c56a38b597a149b1b0da54a031abf9414b85e0351b6e2f6f796c,749f77aad540ed736eac96e5c1f2db8e675f1484db9a8c1361325dd5b7447fe8,80133b2f23231760,0
160,visual-141,train,D:\billiards project\8-Ball Pool.v3i.yolov11\train\images\160_png.rf.6f41e2456edd6888c9fae22813acc55e.jpg,D:\billiards project\8-Ball Pool.v3i.yolov11\train\labels\160_png.rf.6f41e2456edd6888c9fae22813acc55e.txt,160_png.rf.6f41e2456edd6888c9fae22813acc55e.jpg,160_png.rf.6f41e2456edd6888c9fae22813acc55e.txt,fe2be55c2fd26e40afc80bec697de7cff45732685785c7ca622c9ea6d0ee2df7,b54c6b50b14d7ddf5ae373b65ea11cde355091c12ad610d8ab16b3193a312aab,3535e9fc3f97c7cc,0
161,visual-142,train,D:\billiards project\8-Ball Pool.v3i.yolov11\train\images\161_png.rf.2436f2b0f85b3351121e334fce1ae80c.jpg,D:\billiards project\8-Ball Pool.v3i.yolov11\train\labels\161_png.rf.2436f2b0f85b3351121e334fce1ae80c.txt,161_png.rf.2436f2b0f85b3351121e334fce1ae80c.jpg,161_png.rf.2436f2b0f85b3351121e334fce1ae80c.txt,531e0e6ab8d8d7fbf8e0c1863682c601a0b9974bdc4097b19dc808630466c5dc,9bd4e2c18daee9aaaf8417d16b3be2d15a516abbf7d259e27b1c86628fe06850,7371f81f8fc7e470,0
162,visual-143,train,D:\billiards project\8-Ball Pool.v3i.yolov11\train\images\162_png.rf.faeb269d920f46126201519c32565e6d.jpg,D:\billiards project\8-Ball Pool.v3i.yolov11\train\labels\162_png.rf.faeb269d920f46126201519c32565e6d.txt,162_png.rf.faeb269d920f46126201519c32565e6d.jpg,162_png.rf.faeb269d920f46126201519c32565e6d.txt,a7b356b44a834506cef8ba42164f8785fb1825181b0b38a0af43f116bbbcb25b,e961e451b84a70562b594a52d716f54539c66454d7dd488ee5f98cf632edb69a,de37781c0fc7ec70,0
163,visual-144,train,D:\billiards project\8-Ball Pool.v3i.yolov11\train\images\163_png.rf.caf94b785a094d025843b480af8738cc.jpg,D:\billiards project\8-Ball Pool.v3i.yolov11\train\labels\163_png.rf.caf94b785a094d025843b480af8738cc.txt,163_png.rf.caf94b785a094d025843b480af8738cc.jpg,163_png.rf.caf94b785a094d025843b480af8738cc.txt,473c7596de670fd89d2453bbca1df10f2a249257a625cb42d2eb3a0ebc06c8f8,68e07ea9c1e177a0531c173ebdc30e18f8022d852716b2cdcc3edaec3ad6bc78,5e33989f9fceccf0,0
164,visual-145,train,D:\billiards project\8-Ball Pool.v3i.yolov11\train\images\164_png.rf.adf1d66e8c2fa71261ca3f1d6852fa16.jpg,D:\billiards project\8-Ball Pool.v3i.yolov11\train\labels\164_png.rf.adf1d66e8c2fa71261ca3f1d6852fa16.txt,164_png.rf.adf1d66e8c2fa71261ca3f1d6852fa16.jpg,164_png.rf.adf1d66e8c2fa71261ca3f1d6852fa16.txt,5e704cabed39af457c0f0a96a5f67a1e06769202bf21012a389973cc4537db22,1c5d8449812d2258e7a18765a1ac1cb8eabb9ddc4f09eef2a5c656fe5015dd87,5ab3989e9f4eecf0,0
165,visual-146,train,D:\billiards project\8-Ball Pool.v3i.yolov11\train\images\165_png.rf.24adc446423ba35cdbff16ccaffc9785.jpg,D:\billiards project\8-Ball Pool.v3i.yolov11\train\labels\165_png.rf.24adc446423ba35cdbff16ccaffc9785.txt,165_png.rf.24adc446423ba35cdbff16ccaffc9785.jpg,165_png.rf.24adc446423ba35cdbff16ccaffc9785.txt,af650d2209b3ff58f7d56c44ae9230372c2afb6fb04c2060b89c0d889493f348,34ff31372077e181cbe90b8e357f793e96a7f0913623f1f411b03c49d6a1539f,f271f81e9fcfe6e0,0
166,visual-147,train,D:\billiards project\8-Ball Pool.v3i.yolov11\train\images\166_png.rf.2a5fbe9b778584d26692a480bda6f22a.jpg,D:\billiards project\8-Ball Pool.v3i.yolov11\train\labels\166_png.rf.2a5fbe9b778584d26692a480bda6f22a.txt,166_png.rf.2a5fbe9b778584d26692a480bda6f22a.jpg,166_png.rf.2a5fbe9b778584d26692a480bda6f22a.txt,d9d03fd47ccf9a78f91d3c695977496ffed92e7d47fd5e7a6ae385215d64ea39,4303fa90037b8b42c4a75699f22bde1d42869ffa9f3cc0fd755d9f5178a57032,db33f49f9fc5e3e2,0
167,visual-148,train,D:\billiards project\8-Ball Pool.v3i.yolov11\train\images\167_png.rf.9c4562ed01369906a44a489f10bd858b.jpg,D:\billiards project\8-Ball Pool.v3i.yolov11\train\labels\167_png.rf.9c4562ed01369906a44a489f10bd858b.txt,167_png.rf.9c4562ed01369906a44a489f10bd858b.jpg,167_png.rf.9c4562ed01369906a44a489f10bd858b.txt,6f835bbcbe65f2d29f236669939840169c5db8e1ecca298d7a3189632b6db1e4,25c1988971e064991308d60ee9170df03b8a62d0690c69503f2cade9d1e9a465,a467f03e9fc6e470,0
168,visual-149,train,D:\billiards project\8-Ball Pool.v3i.yolov11\train\images\168_png.rf.9624724987837b5f2876222d5229cbb0.jpg,D:\billiards project\8-Ball Pool.v3i.yolov11\train\labels\168_png.rf.9624724987837b5f2876222d5229cbb0.txt,168_png.rf.9624724987837b5f2876222d5229cbb0.jpg,168_png.rf.9624724987837b5f2876222d5229cbb0.txt,6b035f5d746ef4bbd82dad72aff30e49f101abb91fc594a1f4937d85c9e1acde,838cb4a91e32bcb0dd7d7fee7bc62f88c35f1b0fb98d7c294913dd32d7aa5cda,582b068e4f4bd05a,0
169,visual-150,train,D:\billiards project\8-Ball Pool.v3i.yolov11\train\images\169_png.rf.db5c4e716dac3be45044ffb904f0202d.jpg,D:\billiards project\8-Ball Pool.v3i.yolov11\train\labels\169_png.rf.db5c4e716dac3be45044ffb904f0202d.txt,169_png.rf.db5c4e716dac3be45044ffb904f0202d.jpg,169_png.rf.db5c4e716dac3be45044ffb904f0202d.txt,db60f0dcacd4f8981106914488c6172889c7264609594445d7b526d4feef1506,60962c8c804b965691f7fefe8c9a569636f192509242d326b315f2dc4d4c1d59,fcb5b19c9f47e664,0
172,visual-153,train,D:\billiards project\8-Ball Pool.v3i.yolov11\train\images\172_png.rf.fcfccb64edd6563c971ed5aadc369851.jpg,D:\billiards project\8-Ball Pool.v3i.yolov11\train\labels\172_png.rf.fcfccb64edd6563c971ed5aadc369851.txt,172_png.rf.fcfccb64edd6563c971ed5aadc369851.jpg,172_png.rf.fcfccb64edd6563c971ed5aadc369851.txt,a6eaae90061ab5663897a17ef2d015c74120c9f1862e1e55cffda65d65bf0b43,06c7f714cb6d0d8362c0dd820b071607e5abcbba6dc1413d5e1ee96d245d4263,5a3bb49f9fc7cee8,0
173,visual-154,train,D:\billiards project\8-Ball Pool.v3i.yolov11\train\images\173_png.rf.f39ff7cc18819e237dd9a08f84c71d40.jpg,D:\billiards project\8-Ball Pool.v3i.yolov11\train\labels\173_png.rf.f39ff7cc18819e237dd9a08f84c71d40.txt,173_png.rf.f39ff7cc18819e237dd9a08f84c71d40.jpg,173_png.rf.f39ff7cc18819e237dd9a08f84c71d40.txt,ea21b25515c5537bfa77c5ef803c7fa7d2ddc1b88ee7f6411abdf09edd3e110a,5da3a208c1ad15f568f94570c9c0fb982bc4fe1ff182851e96497824848d8ddc,dbd9dc9f8fc7eef8,0
174,visual-155,train,D:\billiards project\8-Ball Pool.v3i.yolov11\train\images\174_png.rf.de712a5dfd0118a5ad22b8dda3158691.jpg,D:\billiards project\8-Ball Pool.v3i.yolov11\train\labels\174_png.rf.de712a5dfd0118a5ad22b8dda3158691.txt,174_png.rf.de712a5dfd0118a5ad22b8dda3158691.jpg,174_png.rf.de712a5dfd0118a5ad22b8dda3158691.txt,e1011ffacd241837c88a1ad88c7c086592a2b8ee585d1a1495ba4fa292439ea3,421c3e7903f58be49e8e81c6ba9a9f837ff6740fba820ac86ae608c275833773,dbb97c1d1f4bc765,0
177,visual-158,train,D:\billiards project\8-Ball Pool.v3i.yolov11\train\images\177_png.rf.44e0980f0a0137fa46f4a9ac8c51e603.jpg,D:\billiards project\8-Ball Pool.v3i.yolov11\train\labels\177_png.rf.44e0980f0a0137fa46f4a9ac8c51e603.txt,177_png.rf.44e0980f0a0137fa46f4a9ac8c51e603.jpg,177_png.rf.44e0980f0a0137fa46f4a9ac8c51e603.txt,c35ab6bb2667ae6709f2e5c2bd726ce1de9a7580a1011fcb1de93eac03f1caea,2d5cd177c6638ec86346b46f75b8c6a88025450ee4f77c1a37ecc6fd2c6ecd3b,f5f3f89e1f8ecc71,0
178,visual-159,train,D:\billiards project\8-Ball Pool.v3i.yolov11\train\images\178_png.rf.5087fa5324451e07d2ed4f3d0e39b8e7.jpg,D:\billiards project\8-Ball Pool.v3i.yolov11\train\labels\178_png.rf.5087fa5324451e07d2ed4f3d0e39b8e7.txt,178_png.rf.5087fa5324451e07d2ed4f3d0e39b8e7.jpg,178_png.rf.5087fa5324451e07d2ed4f3d0e39b8e7.txt,917ed3bc2f9177ff42903bbc456abf75b893dcbdffd0d4f5273e1b4acbdcece6,ee7b9c9d7d5c646cbf3c5cc25b4992566629d9e647723c9e128899e461d749ac,f6b3b99e8fcee8f0,0
181,visual-162,train,D:\billiards project\8-Ball Pool.v3i.yolov11\train\images\181_png.rf.23ccd3b4b31a6fef484f7f0d25cf89d7.jpg,D:\billiards project\8-Ball Pool.v3i.yolov11\train\labels\181_png.rf.23ccd3b4b31a6fef484f7f0d25cf89d7.txt,181_png.rf.23ccd3b4b31a6fef484f7f0d25cf89d7.jpg,181_png.rf.23ccd3b4b31a6fef484f7f0d25cf89d7.txt,943d5109c0701d53dcdb4373dcd58b35be11ba74406354fd14db598b66a951e8,b791cebd2680d5f5597fda4060eada4088c53ef345d2bdb8d4f7c72e0631fe77,34f4b19cc764f8f8,0
182,visual-163,train,D:\billiards project\8-Ball Pool.v3i.yolov11\train\images\182_png.rf.55cbb79bf5ed24435f284153cd02ac6b.jpg,D:\billiards project\8-Ball Pool.v3i.yolov11\train\labels\182_png.rf.55cbb79bf5ed24435f284153cd02ac6b.txt,182_png.rf.55cbb79bf5ed24435f284153cd02ac6b.jpg,182_png.rf.55cbb79bf5ed24435f284153cd02ac6b.txt,e342ca381b207f31ee6d3287b0801008856f9a4e350bb53d6342fd33f3d779c2,d2c623a2615c09606db38eceb8cdb6fbf6c7c1847fbdef1a2e12429a8db36756,79581f1f4746e8f8,0
184,visual-165,train,D:\billiards project\8-Ball Pool.v3i.yolov11\train\images\184_png.rf.a6c6949a3896015ff99ada47dc75393b.jpg,D:\billiards project\8-Ball Pool.v3i.yolov11\train\labels\184_png.rf.a6c6949a3896015ff99ada47dc75393b.txt,184_png.rf.a6c6949a3896015ff99ada47dc75393b.jpg,184_png.rf.a6c6949a3896015ff99ada47dc75393b.txt,6a6b4f8029175327104e9ca25260b39c630f1bbee717917c3a8e01f5cdc45ee2,6915ec46572af740ade66df608ebf75942b5c5b30ef040e333290b4964a9a795,f3b1989fcf66f0f8,0
186,visual-167,train,D:\billiards project\8-Ball Pool.v3i.yolov11\train\images\186_png.rf.6e7fc2cce220b40aa716f4d90902659a.jpg,D:\billiards project\8-Ball Pool.v3i.yolov11\train\labels\186_png.rf.6e7fc2cce220b40aa716f4d90902659a.txt,186_png.rf.6e7fc2cce220b40aa716f4d90902659a.jpg,186_png.rf.6e7fc2cce220b40aa716f4d90902659a.txt,4a7db665864531107e02db0379b0fda1e987bc58e7ba1b2db206ec2441e11a7e,9f961d29fb58305e8902f7898391d3ce69190694a724c555885f919cb9afab9e,580f1e8e0f6bf25a,0
188,visual-169,train,D:\billiards project\8-Ball Pool.v3i.yolov11\train\images\188_png.rf.817e806abd4f5edc9588cc0dbf1a8616.jpg,D:\billiards project\8-Ball Pool.v3i.yolov11\train\labels\188_png.rf.817e806abd4f5edc9588cc0dbf1a8616.txt,188_png.rf.817e806abd4f5edc9588cc0dbf1a8616.jpg,188_png.rf.817e806abd4f5edc9588cc0dbf1a8616.txt,6993fbf1fe79b9413c85c3fe46c74781c7dc61050ac6dcc0d320029db56cd17d,bc3db416c1a04e6b8f46634f3f788ef22a084acb29306a01cde4761cba48496e,9492713c1f8ecd71,0
189,visual-170,train,D:\billiards project\8-Ball Pool.v3i.yolov11\train\images\189_png.rf.35e0d3792b1aa85a1a2e55167fd0d8c5.jpg,D:\billiards project\8-Ball Pool.v3i.yolov11\train\labels\189_png.rf.35e0d3792b1aa85a1a2e55167fd0d8c5.txt,189_png.rf.35e0d3792b1aa85a1a2e55167fd0d8c5.jpg,189_png.rf.35e0d3792b1aa85a1a2e55167fd0d8c5.txt,816ab4e4fbfd0b95bb4d61b62fd766e201c422d44d05566e1225bcf4177e9369,7190b57eee66b34d83c7052a152b4408d4df50aff4425fd2bbaa6b7ddccedad4,6b6b6f0f8d858ee8,0
191,visual-172,train,D:\billiards project\8-Ball Pool.v3i.yolov11\train\images\191_png.rf.f0dae604026d771ea10fc7983a5b03e7.jpg,D:\billiards project\8-Ball Pool.v3i.yolov11\train\labels\191_png.rf.f0dae604026d771ea10fc7983a5b03e7.txt,191_png.rf.f0dae604026d771ea10fc7983a5b03e7.jpg,191_png.rf.f0dae604026d771ea10fc7983a5b03e7.txt,467f6612e814f2da1f873fb732a06f60003ef52ce3217c3d76435a193000221c,a564dcd6618f48f5141a3295299447c99581732c33749dd61972dcb031820b26,6a2b0f0f4d07cee8,0
192,visual-172,train,D:\billiards project\8-Ball Pool.v3i.yolov11\train\images\192_png.rf.17e286ffa138705b5b8013c45e867d69.jpg,D:\billiards project\8-Ball Pool.v3i.yolov11\train\labels\192_png.rf.17e286ffa138705b5b8013c45e867d69.txt,192_png.rf.17e286ffa138705b5b8013c45e867d69.jpg,192_png.rf.17e286ffa138705b5b8013c45e867d69.txt,7fceb3800d9998410243150e48bb619f9360c33019528f2e1bf4edc435e79e21,27572a986c5864e038df5449182a2a889ef204040ef9694ea8d362adf71745d2,e22b0f0f4d05cee8,0
193,visual-172,train,D:\billiards project\8-Ball Pool.v3i.yolov11\train\images\193_png.rf.0d9b4209cb5fb72ec5b2eed87c2f25cc.jpg,D:\billiards project\8-Ball Pool.v3i.yolov11\train\labels\193_png.rf.0d9b4209cb5fb72ec5b2eed87c2f25cc.txt,193_png.rf.0d9b4209cb5fb72ec5b2eed87c2f25cc.jpg,193_png.rf.0d9b4209cb5fb72ec5b2eed87c2f25cc.txt,94dcfe93ca2670425c1d8d63a1611b87f9ff6840196123fba0ac850421018162,a72810b4bd153bea177854acaffb186c7bc31cfbbffcbaa3cff080c9114ac96e,e22b0f0f4d07cee8,0
194,visual-173,train,D:\billiards project\8-Ball Pool.v3i.yolov11\train\images\194_png.rf.6b3c01d7e039ffa56fe5023410954781.jpg,D:\billiards project\8-Ball Pool.v3i.yolov11\train\labels\194_png.rf.6b3c01d7e039ffa56fe5023410954781.txt,194_png.rf.6b3c01d7e039ffa56fe5023410954781.jpg,194_png.rf.6b3c01d7e039ffa56fe5023410954781.txt,b12aec60cf6bda6ee5c2344559a2c297998e1483aea0b0f490d57b44536ffd2b,740589f59821813f5899fafcd4534b07c97eb6c7fa4c56bd79d8587713c15ecf,ce2632158f2aaaaa,0
2,visual-003,valid,D:\billiards project\8-Ball Pool.v3i.yolov11\train\images\2_png.rf.e294eab9e1b8504f18e1964e03f9e9e5.jpg,D:\billiards project\8-Ball Pool.v3i.yolov11\train\labels\2_png.rf.e294eab9e1b8504f18e1964e03f9e9e5.txt,2_png.rf.e294eab9e1b8504f18e1964e03f9e9e5.jpg,2_png.rf.e294eab9e1b8504f18e1964e03f9e9e5.txt,e829d618e83bd041dfaf6b4a1760b88d9c67e46b75695b29772af7e9b10767c4,7adabfce6da39036b89421f931c21cb4b0fbddb7570808891667ec7935c68122,7a7cd3716979f11e,0
19,visual-020,valid,D:\billiards project\8-Ball Pool.v3i.yolov11\train\images\19_png.rf.9bdb39240f3b93c04a458babb9612353.jpg,D:\billiards project\8-Ball Pool.v3i.yolov11\train\labels\19_png.rf.9bdb39240f3b93c04a458babb9612353.txt,19_png.rf.9bdb39240f3b93c04a458babb9612353.jpg,19_png.rf.9bdb39240f3b93c04a458babb9612353.txt,9f15e0551a9c6ec897350a99115c061b552b8719108e2ad83eb517d86100b7ff,ea422022c5cde347f6e514a553daf3255da8ffdbabb4b5bef1cd9ad283198576,ad07179f961b8ecc,0
20,visual-020,valid,D:\billiards project\8-Ball Pool.v3i.yolov11\train\images\20_png.rf.52c78aebcebbb16b65b30edf6e6dc4a5.jpg,D:\billiards project\8-Ball Pool.v3i.yolov11\train\labels\20_png.rf.52c78aebcebbb16b65b30edf6e6dc4a5.txt,20_png.rf.52c78aebcebbb16b65b30edf6e6dc4a5.jpg,20_png.rf.52c78aebcebbb16b65b30edf6e6dc4a5.txt,6987ce70677ef26d085d46b76d84a0daacf42c969bcc89f0e3da8a593c178fbf,aca1fdc69420c6b3243ce1d915e4b545769aba30f7793040b7514e1ae1524978,ad07179f161b8ecc,0
29,visual-029,valid,D:\billiards project\8-Ball Pool.v3i.yolov11\train\images\29_png.rf.6123f6b17b0b0752cc729beefa04a070.jpg,D:\billiards project\8-Ball Pool.v3i.yolov11\train\labels\29_png.rf.6123f6b17b0b0752cc729beefa04a070.txt,29_png.rf.6123f6b17b0b0752cc729beefa04a070.jpg,29_png.rf.6123f6b17b0b0752cc729beefa04a070.txt,f9b1f21617e6305cf38950f3a93fd6aac57c84e12ee75325ffae678ef01a4b72,dac462af75e132f2dd9f064b122a8aba27bedf2bbc721cbaf342b8d541b20e81,80371b2f2b2317e0,0
32,visual-032,valid,D:\billiards project\8-Ball Pool.v3i.yolov11\train\images\32_png.rf.1edd41098eb074d061f00c09470d90cf.jpg,D:\billiards project\8-Ball Pool.v3i.yolov11\train\labels\32_png.rf.1edd41098eb074d061f00c09470d90cf.txt,32_png.rf.1edd41098eb074d061f00c09470d90cf.jpg,32_png.rf.1edd41098eb074d061f00c09470d90cf.txt,8f35f5048e56bd775db1cce606373b2b248d8b12ac19016496b2eab0270d8c85,a312dd391eb6188fa9fb5aff4451424281cca9337fd903170ebc653dfcbe4e60,80132f2b232327c0,0
77,visual-069,valid,D:\billiards project\8-Ball Pool.v3i.yolov11\train\images\77_png.rf.255db85931c9fbf597fd7c63e341d1dc.jpg,D:\billiards project\8-Ball Pool.v3i.yolov11\train\labels\77_png.rf.255db85931c9fbf597fd7c63e341d1dc.txt,77_png.rf.255db85931c9fbf597fd7c63e341d1dc.jpg,77_png.rf.255db85931c9fbf597fd7c63e341d1dc.txt,e09a8ca3dad8f1c715108848a98f1900cb716e1ffc9733e322a0f184c7ae4ce5,a44aa17040b7ea68d56996433471b15461741e66de752dd8c58f9455706b1310,e9c663030f6c6070,0
78,visual-070,valid,D:\billiards project\8-Ball Pool.v3i.yolov11\train\images\78_png.rf.e4113b07a8da6a1795e7bb7519fab19a.jpg,D:\billiards project\8-Ball Pool.v3i.yolov11\train\labels\78_png.rf.e4113b07a8da6a1795e7bb7519fab19a.txt,78_png.rf.e4113b07a8da6a1795e7bb7519fab19a.jpg,78_png.rf.e4113b07a8da6a1795e7bb7519fab19a.txt,51c04762bbf590329ecf7756b97341c2e4f566fb154da97ae7dccad61fa3e7f8,40f1784ebdddf38a852abc761dd1fdd0f2fb2b1a98ceccca4544a268cae69a92,9606172b07070796,0
94,visual-086,valid,D:\billiards project\8-Ball Pool.v3i.yolov11\train\images\94_png.rf.914de818a4ff0d086b7cb41abc8b95fd.jpg,D:\billiards project\8-Ball Pool.v3i.yolov11\train\labels\94_png.rf.914de818a4ff0d086b7cb41abc8b95fd.txt,94_png.rf.914de818a4ff0d086b7cb41abc8b95fd.jpg,94_png.rf.914de818a4ff0d086b7cb41abc8b95fd.txt,9323dd4c5d1ab5c44cd099b39b6c9619008ccf58051e3f63f880f83d49fd48b1,537f92f75c79237614166c532a291b640b46e6dabde63e269ccdbfa8deef032a,d75b383c1f8fced4,0
100,visual-091,valid,D:\billiards project\8-Ball Pool.v3i.yolov11\train\images\100_png.rf.1d10e5312c53cc3fb4e0bf319dd466ba.jpg,D:\billiards project\8-Ball Pool.v3i.yolov11\train\labels\100_png.rf.1d10e5312c53cc3fb4e0bf319dd466ba.txt,100_png.rf.1d10e5312c53cc3fb4e0bf319dd466ba.jpg,100_png.rf.1d10e5312c53cc3fb4e0bf319dd466ba.txt,dedc4fe3d56261aecaa363e18d22721613262dfcb54991b96b976f55e5b5393f,95506e36e17fec7f7ef48b1914922e8b49224fdc477b0a627cb49ac8bf88ab16,d8e507070e86c4d0,0
108,visual-098,valid,D:\billiards project\8-Ball Pool.v3i.yolov11\train\images\108_png.rf.7bd2f9160e38391af93d2d6ebaaf966a.jpg,D:\billiards project\8-Ball Pool.v3i.yolov11\train\labels\108_png.rf.7bd2f9160e38391af93d2d6ebaaf966a.txt,108_png.rf.7bd2f9160e38391af93d2d6ebaaf966a.jpg,108_png.rf.7bd2f9160e38391af93d2d6ebaaf966a.txt,fba129330ca099250288c3364687a1bc9dddae49f9c643c08d86db4f2ef88943,88d0496f11b9f8d05a1d6ac2b2eec04318a9d8542a57ce356545fe2c99a22042,f373dc9f9fc3e764,0
117,visual-107,valid,D:\billiards project\8-Ball Pool.v3i.yolov11\train\images\117_png.rf.8cc2251ee5c44b6bd3734b39795c7cc9.jpg,D:\billiards project\8-Ball Pool.v3i.yolov11\train\labels\117_png.rf.8cc2251ee5c44b6bd3734b39795c7cc9.txt,117_png.rf.8cc2251ee5c44b6bd3734b39795c7cc9.jpg,117_png.rf.8cc2251ee5c44b6bd3734b39795c7cc9.txt,1fcd1e0348a0ebcd405c1cc0dc3654ad31e875b48f1374eee029d59e98efbad2,16d3e6397495e50cec7bc97d22a9904678a6925bd6d6b95833594dc9498e731f,248f179f1633cccc,0
129,visual-118,valid,D:\billiards project\8-Ball Pool.v3i.yolov11\train\images\129_png.rf.eb2bbec526ed5285770c494673de2c04.jpg,D:\billiards project\8-Ball Pool.v3i.yolov11\train\labels\129_png.rf.eb2bbec526ed5285770c494673de2c04.txt,129_png.rf.eb2bbec526ed5285770c494673de2c04.jpg,129_png.rf.eb2bbec526ed5285770c494673de2c04.txt,da4f32c7024940ded493c49ea0205dd2c343578a4a7e0b34779748b1c3aeb17a,7c2de0ac75a9940a466ce596014fd46c16b1b3cccf41ca88db5c41cb05ac090d,98be9e9fcbe7e4f9,0
142,visual-128,valid,D:\billiards project\8-Ball Pool.v3i.yolov11\train\images\142_png.rf.7094e2d69746d686d71b971d474ae84d.jpg,D:\billiards project\8-Ball Pool.v3i.yolov11\train\labels\142_png.rf.7094e2d69746d686d71b971d474ae84d.txt,142_png.rf.7094e2d69746d686d71b971d474ae84d.jpg,142_png.rf.7094e2d69746d686d71b971d474ae84d.txt,2c702fcd2878eba57d1c862fdb4677f026932c85d3b020e269010d655e05b104,6fb7cd8f6f3158f9e052859131fddb2318c5e4f99ab2fe914e82d1d57e568e77,2e0616961613cccc,0
147,visual-131,valid,D:\billiards project\8-Ball Pool.v3i.yolov11\train\images\147_png.rf.f75092db32c867f5974bd801ebff4919.jpg,D:\billiards project\8-Ball Pool.v3i.yolov11\train\labels\147_png.rf.f75092db32c867f5974bd801ebff4919.txt,147_png.rf.f75092db32c867f5974bd801ebff4919.jpg,147_png.rf.f75092db32c867f5974bd801ebff4919.txt,d74ab00591fc6dc3b1d800d1004832a672343ed64792308c41a1fb539008f6cf,9985a014e946fc83beec27922a8e0da4989802f95feb1fbf752fd613591ef355,80133b2323331764,0
156,visual-137,valid,D:\billiards project\8-Ball Pool.v3i.yolov11\train\images\156_png.rf.be7d3c328dad9ee7e3722259541a79d5.jpg,D:\billiards project\8-Ball Pool.v3i.yolov11\train\labels\156_png.rf.be7d3c328dad9ee7e3722259541a79d5.txt,156_png.rf.be7d3c328dad9ee7e3722259541a79d5.jpg,156_png.rf.be7d3c328dad9ee7e3722259541a79d5.txt,4e5ba1b18ab2a2fcbcc93df1c1f72d6e2a17aa3d0681b06d8018982939340db9,b873a232e99fc976ce2bcc1bc1105201146f28a9ab73699d176f2c82636eb5ac,3773f83f2f87cec9,0
171,visual-152,valid,D:\billiards project\8-Ball Pool.v3i.yolov11\train\images\171_png.rf.e0f78688a6d730302708d2eec60a4bdf.jpg,D:\billiards project\8-Ball Pool.v3i.yolov11\train\labels\171_png.rf.e0f78688a6d730302708d2eec60a4bdf.txt,171_png.rf.e0f78688a6d730302708d2eec60a4bdf.jpg,171_png.rf.e0f78688a6d730302708d2eec60a4bdf.txt,6cbfbdf6fc406f84cde5b1f5a5bc1728a5fb00c07c9bc61e0d136fcf7593e5a3,dec33feb6b93949b30ff2f25f90ae42fea650ac97d553435a99aa2fd0f4fbb94,29307e0f174b4765,0
175,visual-156,valid,D:\billiards project\8-Ball Pool.v3i.yolov11\train\images\175_png.rf.3bb291132648e4ddc6318584b8fab3f6.jpg,D:\billiards project\8-Ball Pool.v3i.yolov11\train\labels\175_png.rf.3bb291132648e4ddc6318584b8fab3f6.txt,175_png.rf.3bb291132648e4ddc6318584b8fab3f6.jpg,175_png.rf.3bb291132648e4ddc6318584b8fab3f6.txt,c6531818abe3037d8765d3a26d6bac190cdd47a9c9e54ddbbbbd9449d04f3150,21f7ecca2e4d965deca8c904cda6565863936d18cf943c6d51c34cce25b45e4c,267b590c4feef8f8,0
179,visual-160,valid,D:\billiards project\8-Ball Pool.v3i.yolov11\train\images\179_png.rf.61fcb6e012295881e5f82e05b6d15283.jpg,D:\billiards project\8-Ball Pool.v3i.yolov11\train\labels\179_png.rf.61fcb6e012295881e5f82e05b6d15283.txt,179_png.rf.61fcb6e012295881e5f82e05b6d15283.jpg,179_png.rf.61fcb6e012295881e5f82e05b6d15283.txt,b8d8920f431cc3f762ea35cdd19ba8c98c43915ff3a50d4fc69625e8d5df379d,e27a6330615f7d618b694443dd1a65426ff144162bf95c0f7ff9ba733f94ef6f,a535f81f1f83c7e4,0
180,visual-161,valid,D:\billiards project\8-Ball Pool.v3i.yolov11\train\images\180_png.rf.d95ed08408ababb588c6d1af919a1ba5.jpg,D:\billiards project\8-Ball Pool.v3i.yolov11\train\labels\180_png.rf.d95ed08408ababb588c6d1af919a1ba5.txt,180_png.rf.d95ed08408ababb588c6d1af919a1ba5.jpg,180_png.rf.d95ed08408ababb588c6d1af919a1ba5.txt,a4bbfb16063af9f6141511689508ca46ba6489f120823ac8f29cc6120e5153ea,3602c2efa6cce3750b528a097356324b6d627698b4e8518681e559c4ad14e83e,b6b3781e0f4668f0,0
190,visual-171,valid,D:\billiards project\8-Ball Pool.v3i.yolov11\train\images\190_png.rf.24ed612fdc752703c31861be4bc95545.jpg,D:\billiards project\8-Ball Pool.v3i.yolov11\train\labels\190_png.rf.24ed612fdc752703c31861be4bc95545.txt,190_png.rf.24ed612fdc752703c31861be4bc95545.jpg,190_png.rf.24ed612fdc752703c31861be4bc95545.txt,ede356f8616b5bde0880422b926e8959829f9abdec3c546a2e1c331a3bd1cac9,9eb0b437402c564503fc276b94020c2ba8649b6f092b270d3d7685483a392b3a,ea2b0f0f5d454ee8,0
